# ************************************************************
# Sequel Pro SQL dump
# Version 3408
#
# http://www.sequelpro.com/
# http://code.google.com/p/sequel-pro/
#
# Host: 127.0.0.1 (MySQL 5.6.21-1~dotdeb.1)
# Database: tunat
# Generation Time: 2015-03-23 19:20:16 +0000
# ************************************************************


/*!40101 SET @OLD_CHARACTER_SET_CLIENT=@@CHARACTER_SET_CLIENT */;
/*!40101 SET @OLD_CHARACTER_SET_RESULTS=@@CHARACTER_SET_RESULTS */;
/*!40101 SET @OLD_COLLATION_CONNECTION=@@COLLATION_CONNECTION */;
/*!40101 SET NAMES utf8 */;
/*!40014 SET @OLD_FOREIGN_KEY_CHECKS=@@FOREIGN_KEY_CHECKS, FOREIGN_KEY_CHECKS=0 */;
/*!40101 SET @OLD_SQL_MODE=@@SQL_MODE, SQL_MODE='NO_AUTO_VALUE_ON_ZERO' */;
/*!40111 SET @OLD_SQL_NOTES=@@SQL_NOTES, SQL_NOTES=0 */;


# Dump of table ads
# ------------------------------------------------------------

DROP TABLE IF EXISTS `ads`;

CREATE TABLE `ads` (
  `id` int(11) unsigned NOT NULL AUTO_INCREMENT,
  `park_id` int(11) unsigned NOT NULL,
  `part_categ` int(3) unsigned NOT NULL,
  `part_name` varchar(50) NOT NULL DEFAULT '',
  `car_make` int(3) unsigned NOT NULL,
  `car_model` int(3) unsigned NOT NULL,
  `car_carburant` varchar(20) NOT NULL DEFAULT '',
  `car_cilindree` varchar(20) NOT NULL DEFAULT '',
  `description` text NOT NULL,
  `price` float(10,2) unsigned NOT NULL,
  `status` enum('pending','ok','canceled') NOT NULL DEFAULT 'pending',
  `dateadd` datetime NOT NULL,
  `updated_at` datetime NOT NULL,
  `images` text NOT NULL,
  PRIMARY KEY (`id`)
) ENGINE=InnoDB DEFAULT CHARSET=utf8;

LOCK TABLES `ads` WRITE;
/*!40000 ALTER TABLE `ads` DISABLE KEYS */;

INSERT INTO `ads` (`id`, `park_id`, `part_categ`, `part_name`, `car_make`, `car_model`, `car_carburant`, `car_cilindree`, `description`, `price`, `status`, `dateadd`, `updated_at`, `images`)
VALUES
	(1,1,7,'chiuloasa',5,43,'diesel','1.7','sfdsdsfsdfsdfsdfsdfsdfsdf',1200.00,'ok','2015-02-22 15:58:44','0000-00-00 00:00:00','a:0:{}'),
	(2,1,7,'granitura de chiuloasa',5,43,'diesel','1.9','pentru toate A6 din 98-2004',19.99,'ok','2015-02-22 16:02:19','0000-00-00 00:00:00','a:0:{}'),
	(3,1,7,'Furtun de injectie',5,43,'diesel','1.9','furtun de injectie ce sa protriveste la toate modele de audi a6 din 2009',200.00,'ok','2015-02-23 19:58:04','0000-00-00 00:00:00','a:0:{}'),
	(6,1,2,'prag stanga',5,42,'','','audi A4 sedan 1.9TDI, sau: piesa e compatibila cu toate modele Audi A4 2001-2005',0.00,'ok','2015-02-24 23:26:39','0000-00-00 00:00:00','a:3:{i:0;s:35:\"307e0c7e605f71ad4a20c9c268b7b5651a8\";i:1;s:35:\"720fd85e3bd7edc1e3f16eb9ec699473ab0\";i:2;s:35:\"838ef47c8f69d13dac78610c5a78989fb46\";}'),
	(7,1,3,'discuri spate',5,43,'','','asdadsd',0.00,'ok','2015-02-24 23:28:01','0000-00-00 00:00:00','a:0:{}'),
	(8,1,7,'pompa de circulare',5,43,'','','Audi A4 sedan 1.9TDI, sau: piesa e compatibila cu toate modele Audi A4 2001-2005',0.00,'ok','2015-02-24 23:31:19','0000-00-00 00:00:00','a:5:{i:0;s:35:\"333a16e7813edc2548a02b4c00fe5d9530c\";i:1;s:35:\"613215b2fc7bd16d799d849dd9f043a7737\";i:2;s:35:\"66847949459ce0fbd4341cafb856a6ee01f\";i:3;s:35:\"7705466affa2c43acd7c45602ff44d3d878\";i:4;s:35:\"916c82d45abd621e56a019744f12484ab7a\";}'),
	(9,1,8,'toba de esapament',5,38,'','','Audi A4 sedan 1.9TDI, sau: piesa e compatibila cu toate modele Audi A4 2001-2005',0.00,'ok','2015-02-25 22:23:15','0000-00-00 00:00:00','a:1:{i:0;s:35:\"873c82d45abd621e56a019744f12484ab7a\";}'),
	(10,1,7,'pompa de presiune pentru container de cablaj',5,43,'diesel','1.9','pompa functie pentru modelele de A4 pompa functie pentru modelele de A4 pompa functie pentru modelele de A4 pompa functie pentru modelele de A4 pompa functie pentru modelele de A4 pompa functie pentru modelele de A4 pompa functie pentru modelele de A4 pompa functie pentru modelele de A4 pompa functie pentru modelele de A4',199.00,'ok','2015-03-01 20:35:43','0000-00-00 00:00:00','a:4:{i:0;s:35:\"345a16e7813edc2548a02b4c00fe5d9530c\";i:1;s:35:\"37247949459ce0fbd4341cafb856a6ee01f\";i:2;s:35:\"638c82d45abd621e56a019744f12484ab7a\";i:3;s:35:\"81179997e1c8bcd71b1284e0da52d5b4aec\";}'),
	(12,1,7,'granitura de chiuloasa',5,43,'diesel','1.9','garnitura de chiuloasa garnitura de chiuloasa garnitura de chiuloasa garnitura de chiuloasa garnitura de chiuloasa garnitura de chiuloasa garnitura de chiuloasa garnitura de chiuloasa',299.00,'ok','2015-03-08 12:15:00','0000-00-00 00:00:00','a:3:{i:0;s:35:\"2438d33e67f3d8a919ff0af63547e6eab8a\";i:1;s:35:\"651f596490e382685ad2c9d40e1d1485a73\";i:2;s:35:\"842b2616b47220db07db2052229c77f1345\";}');

/*!40000 ALTER TABLE `ads` ENABLE KEYS */;
UNLOCK TABLES;


# Dump of table autopark_users
# ------------------------------------------------------------

DROP TABLE IF EXISTS `autopark_users`;

CREATE TABLE `autopark_users` (
  `id` int(11) unsigned NOT NULL AUTO_INCREMENT,
  `user_id` int(11) NOT NULL,
  `park_id` int(11) NOT NULL,
  PRIMARY KEY (`id`)
) ENGINE=InnoDB DEFAULT CHARSET=utf8;

LOCK TABLES `autopark_users` WRITE;
/*!40000 ALTER TABLE `autopark_users` DISABLE KEYS */;

INSERT INTO `autopark_users` (`id`, `user_id`, `park_id`)
VALUES
	(1,1,1),
	(2,2,1);

/*!40000 ALTER TABLE `autopark_users` ENABLE KEYS */;
UNLOCK TABLES;


# Dump of table autoparks
# ------------------------------------------------------------

DROP TABLE IF EXISTS `autoparks`;

CREATE TABLE `autoparks` (
  `id` int(11) unsigned NOT NULL AUTO_INCREMENT,
  `name` varchar(100) NOT NULL DEFAULT '',
  `email` varchar(50) NOT NULL,
  `url` varchar(100) NOT NULL,
  `location` varchar(100) NOT NULL DEFAULT '',
  `description` varchar(250) NOT NULL DEFAULT '',
  `tel1` varchar(20) NOT NULL DEFAULT '',
  `tel2` varchar(20) NOT NULL DEFAULT '',
  `tel3` varchar(20) NOT NULL DEFAULT '',
  PRIMARY KEY (`id`)
) ENGINE=InnoDB DEFAULT CHARSET=utf8;

LOCK TABLES `autoparks` WRITE;
/*!40000 ALTER TABLE `autoparks` DISABLE KEYS */;

INSERT INTO `autoparks` (`id`, `name`, `email`, `url`, `location`, `description`, `tel1`, `tel2`, `tel3`)
VALUES
	(1,'Dezmemebrari Vali SRL','contact@validez.ro','www.validez.ro','str Slatinei nr 1, Oradea','cea mai tare firma de dezmembrari','747047607','747047607','');

/*!40000 ALTER TABLE `autoparks` ENABLE KEYS */;
UNLOCK TABLES;


# Dump of table cars_make
# ------------------------------------------------------------

DROP TABLE IF EXISTS `cars_make`;

CREATE TABLE `cars_make` (
  `id` int(11) unsigned NOT NULL AUTO_INCREMENT,
  `make` varchar(20) NOT NULL DEFAULT '',
  PRIMARY KEY (`id`)
) ENGINE=InnoDB DEFAULT CHARSET=utf8;

LOCK TABLES `cars_make` WRITE;
/*!40000 ALTER TABLE `cars_make` DISABLE KEYS */;

INSERT INTO `cars_make` (`id`, `make`)
VALUES
	(1,'Aixam'),
	(2,'Alfa'),
	(3,'AMC'),
	(4,'Aston Martin'),
	(5,'Audi'),
	(6,'Austin'),
	(7,'Bedford'),
	(8,'Bentley'),
	(9,'BMC'),
	(10,'BMW'),
	(11,'Buick'),
	(12,'Cadillac'),
	(13,'Casalini'),
	(14,'Checker'),
	(15,'Chevrolet'),
	(16,'Chrysler'),
	(17,'Citroen'),
	(18,'Crosley'),
	(19,'Dacia'),
	(20,'Daewoo'),
	(21,'DAF'),
	(22,'Daihatsu'),
	(23,'Datsun'),
	(24,'Dodge'),
	(25,'Ferrari'),
	(26,'Fiat'),
	(27,'Ford'),
	(28,'Galloper'),
	(29,'GM'),
	(30,'GMC'),
	(31,'Grecav-EKE'),
	(32,'Hanomag'),
	(33,'Honda'),
	(34,'Hummer'),
	(35,'Hyundai'),
	(36,'Infiniti'),
	(37,'International'),
	(38,'Isuzu'),
	(39,'Iveco'),
	(40,'Jaguar'),
	(41,'JDM'),
	(42,'Jeep'),
	(43,'KIA'),
	(44,'Lada'),
	(45,'Lamborghini'),
	(46,'Lancia'),
	(47,'LandRover'),
	(48,'Lexus'),
	(49,'Ligier'),
	(50,'Lincoln'),
	(51,'Lotus'),
	(52,'Maserati'),
	(53,'Mazda'),
	(54,'Melex'),
	(55,'Mercedes'),
	(56,'Mercury'),
	(57,'MG'),
	(58,'Microcar'),
	(59,'Mini'),
	(60,'Mitsubishi'),
	(61,'Morris'),
	(62,'Nissan'),
	(63,'NSU'),
	(64,'Oldsmobile'),
	(65,'Opel'),
	(66,'Other'),
	(67,'Peugeot'),
	(68,'Piaggio'),
	(69,'Plymouth'),
	(70,'Pontiac'),
	(71,'Porsche'),
	(72,'Renault'),
	(73,'Rolls-Royce'),
	(74,'Rover'),
	(75,'Saab'),
	(76,'Seat'),
	(77,'Simca'),
	(78,'Skoda'),
	(79,'Smart'),
	(80,'Ssang Yong'),
	(81,'Studebaker'),
	(82,'Subaru'),
	(83,'Suzuki'),
	(84,'Talbot'),
	(85,'Toyota'),
	(86,'Triumph'),
	(87,'Vauxhall'),
	(88,'VAZ'),
	(89,'Volvo'),
	(90,'VW'),
	(91,'Willys');

/*!40000 ALTER TABLE `cars_make` ENABLE KEYS */;
UNLOCK TABLES;


# Dump of table cars_make_init
# ------------------------------------------------------------

DROP TABLE IF EXISTS `cars_make_init`;

CREATE TABLE `cars_make_init` (
  `id` int(11) unsigned NOT NULL AUTO_INCREMENT,
  `make` varchar(20) NOT NULL DEFAULT '',
  PRIMARY KEY (`id`)
) ENGINE=InnoDB DEFAULT CHARSET=utf8;

LOCK TABLES `cars_make_init` WRITE;
/*!40000 ALTER TABLE `cars_make_init` DISABLE KEYS */;

INSERT INTO `cars_make_init` (`id`, `make`)
VALUES
	(1,'Mercedes');

/*!40000 ALTER TABLE `cars_make_init` ENABLE KEYS */;
UNLOCK TABLES;


# Dump of table cars_model
# ------------------------------------------------------------

DROP TABLE IF EXISTS `cars_model`;

CREATE TABLE `cars_model` (
  `id` int(11) unsigned NOT NULL AUTO_INCREMENT,
  `car_id` int(3) NOT NULL,
  `model_categ` varchar(50) NOT NULL DEFAULT '',
  `model` varchar(50) NOT NULL DEFAULT '',
  `year_start` int(4) NOT NULL,
  `year_end` int(4) NOT NULL,
  `popularity` int(11) NOT NULL,
  PRIMARY KEY (`id`)
) ENGINE=InnoDB DEFAULT CHARSET=utf8;

LOCK TABLES `cars_model` WRITE;
/*!40000 ALTER TABLE `cars_model` DISABLE KEYS */;

INSERT INTO `cars_model` (`id`, `car_id`, `model_categ`, `model`, `year_start`, `year_end`, `popularity`)
VALUES
	(1,1,'400, 500','400',0,0,1),
	(2,1,'400, 500','500',0,0,2),
	(3,1,'A721, A741, A751','A751',0,0,3),
	(4,1,'A721, A741, A751','A741',0,0,4),
	(5,1,'A721, A741, A751','A721',0,0,5),
	(6,1,'Crossline','CROSSLINE',0,0,6),
	(7,1,'Mega','MEGA',0,0,7),
	(8,1,'Scouty','SCOUTY',0,0,8),
	(9,2,'156','156',0,0,1),
	(10,2,'164','164',0,0,2),
	(11,2,'147','147',0,0,3),
	(12,2,'166','166',0,0,4),
	(13,2,'145, 146','145/146',0,0,5),
	(14,2,'155','155',0,0,6),
	(15,2,'33','33',0,0,7),
	(16,2,'GTV','GTV',0,0,8),
	(17,2,'75','75',0,0,9),
	(18,2,'159','159',0,0,10),
	(19,2,'Alfasud / Sprint','SUD / SPRINT',0,0,11),
	(20,2,'Spider','SPIDER',0,0,12),
	(21,2,'Spider','SPIDER 2000',0,0,13),
	(22,2,'90','90',0,0,14),
	(23,2,'Alfetta','ALFETTA',0,0,15),
	(24,2,'GT','GT',0,0,16),
	(25,2,'Giulietta','GIULIETTA',0,0,17),
	(26,2,'1300,1600,1750,2000 62-78','1300,1600,1750,2000',1962,1978,18),
	(27,2,'8C','8C',0,0,19),
	(28,2,'Mi.To','MI.TO',0,0,20),
	(29,2,'Brera','BRERA',0,0,21),
	(30,2,'Crosswagon Q4','CROSSWAGON Q4',0,0,22),
	(31,3,'Rambler','RAMBLER',0,0,1),
	(32,3,'Javelin','JAVELIN',0,0,2),
	(33,3,'Pacer','PACER',0,0,3),
	(34,4,'V12 Vanquish','V12 VANQUISH',0,0,1),
	(35,5,'A4, S4','A4 8K',2012,2016,1),
	(36,5,'A4, S4','A4/S4 8K',2008,2011,2),
	(37,5,'A4, S4','A4/S4 8E/8H',2005,2008,3),
	(38,5,'A4, S4','A4/S4 8E/8H',2001,2005,4),
	(39,5,'A4, S4','A4/S4 8D',1999,2000,5),
	(40,5,'A4, S4','A4/S4 8D',1994,1999,6),
	(41,5,'A6, S6','A6/S6 4G',2011,2016,7),
	(42,5,'A6, S6','A6/S6 4F',2005,2011,8),
	(43,5,'A6, S6','A6/S6 4B',1997,2005,9),
	(44,5,'A6, S6','A6/S6 4A',1995,1997,10),
	(45,5,'A3, S3','A3 SPORTSBACK 8V',2013,2016,11),
	(46,5,'A3, S3','A3 SPORTSBACK 8P',2005,2013,12),
	(47,5,'A3, S3','A3/S3 8P',2004,2012,13),
	(48,5,'A3, S3','A3/S3 8L',1996,2003,14),
	(49,5,'100, S4, 91-94','100/S4',1991,1994,15),
	(50,5,'100 69-91','100',1983,1991,16),
	(51,5,'100 69-91','100',1980,1982,17),
	(52,5,'100 69-91','100',1977,1979,18),
	(53,5,'100 69-91','100',1974,1976,19),
	(54,5,'100 69-91','100',1969,1973,20),
	(55,5,'80, S2, 92-95','80/S2',1992,1995,21),
	(56,5,'80, 90, 85-91','80/90',1987,1991,22),
	(57,5,'80, 90, 85-91','80/90',1985,1986,23),
	(58,5,'A8, S8','A8/S8 4H',2010,2016,24),
	(59,5,'A8, S8','A8/S8 4E',2002,2009,25),
	(60,5,'A8, S8','A8/S8 4D',1994,2002,26),
	(61,5,'A6 Allroad','A6 ALLROAD',2012,2016,27),
	(62,5,'A6 Allroad','A6 ALLROAD',2006,2011,28),
	(63,5,'A6 Allroad','A6 ALLROAD',2001,2005,29),
	(64,5,'TT/TTS','TT/TTS',2007,2016,30),
	(65,5,'TT/TTS','TT',1999,2006,31),
	(66,5,'Coupé, Cabrio','COUPÉ CABRIOLET',0,0,32),
	(67,5,'A2','A2',0,0,33),
	(68,5,'80, 73-84','80',1979,1984,34),
	(69,5,'80, 73-84','80',1977,1978,35),
	(70,5,'80, 73-84','80',1973,1976,36),
	(71,5,'V8','V8',1989,1993,37),
	(72,5,'A5, S5','S5',0,0,38),
	(73,5,'A5, S5','A5',0,0,39),
	(74,5,'Q7','Q7',0,0,40),
	(75,5,'200','200',1980,1991,41),
	(76,5,'Q5','Q5',0,0,42),
	(77,5,'Quattro','QUATTRO',1981,1991,43),
	(78,5,'A1, S1','A1/S1',2011,2016,44),
	(79,5,'A4 Allroad','A4 ALLROAD',2009,2016,45),
	(80,5,'RS','RS6',0,0,46),
	(81,5,'RS','RS4',0,0,47),
	(82,5,'RS','RS2',0,0,48),
	(83,5,'50','50',0,0,49),
	(84,5,'60','60',0,0,50),
	(85,5,'A7','A7/S7 4G',2011,2016,51),
	(86,5,'R8','R8',0,0,52),
	(87,5,'Q3','Q3',0,0,53),
	(88,5,'UR Quattro','UR QUATTRO',0,0,54),
	(89,6,'A40','A40',0,0,1),
	(90,6,'Allegro','ALLEGRO',0,0,2),
	(91,6,'A30','A30',0,0,3),
	(92,9,'850-1275','850-1275',0,0,1),
	(93,9,'1100-1300','1100-1300',0,0,2),
	(94,9,'Allegro','ALLEGRO',0,0,3),
	(95,9,'Maxi','MAXI',0,0,4),
	(96,9,'Marina','MARINA',0,0,5),
	(97,9,'Princess','PRINCESS',0,0,6),
	(98,10,'5-Series, M5','5 GT F07',2009,2016,1),
	(99,10,'5-Series, M5','5 F10/F11/F18',2009,2016,2),
	(100,10,'5-Series, M5','5 E60/61 SED/TOU',2002,2010,3),
	(101,10,'5-Series, M5','5 E39',1995,2004,4),
	(102,10,'5-Series, M5','5 E34',1988,1996,5),
	(103,10,'5-Series, M5','5 E28',1981,1988,6),
	(104,10,'5-Series, M5','5 E12',1972,1981,7),
	(105,10,'5-Series, M5','M5',0,0,8),
	(106,10,'3-Series, M3','3 F30/F31',2012,2016,9),
	(107,10,'3-Series, M3','3 E90/91 SED/TOU',2005,2012,10),
	(108,10,'3-Series, M3','3 E92/93 COUPÉ/CAB',2005,2014,11),
	(109,10,'3-Series, M3','3 E46',1998,2005,12),
	(110,10,'3-Series, M3','3 E36',1991,2000,13),
	(111,10,'3-Series, M3','3 E30',1983,1994,14),
	(112,10,'3-Series, M3','3 E21',1975,1983,15),
	(113,10,'3-Series, M3','M3',0,0,16),
	(114,10,'7-Series','7 F01/F02/F03/F04',2009,2016,17),
	(115,10,'7-Series','7 E65/66',2000,2008,18),
	(116,10,'7-Series','7 E38',1993,2001,19),
	(117,10,'7-Series','7 E32',1986,1994,20),
	(118,10,'7-Series','7 E23',1977,1986,21),
	(119,10,'X5','X5 E70',2007,2013,22),
	(120,10,'X5','X5 E53',1999,2006,23),
	(121,10,'1-Series','1 F20/F21',2011,2016,24),
	(122,10,'1-Series','1 E82/88 COUPÉ/CAB',2006,2016,25),
	(123,10,'1-Series','1 E87/81 5D/3D',2003,2011,26),
	(124,10,'Z3','Z3 E36/6',1994,2002,27),
	(125,10,'X3','X3 F25',2010,2016,28),
	(126,10,'X3','X3 E83',2003,2010,29),
	(127,10,'8-Series','8 E31',1989,1999,30),
	(128,10,'6-Series, M6','6 F12/F13',2010,2016,31),
	(129,10,'6-Series, M6','6 E63/64',2002,2010,32),
	(130,10,'6-Series, M6','6 E24',1983,1989,33),
	(131,10,'6-Series, M6','6 E24',1976,1982,34),
	(132,10,'2500, 2800, 3.0 E3 68-77','2500-3,0 E3',1968,1977,35),
	(133,10,'Z4','Z4 E89',2009,2016,36),
	(134,10,'Z4','Z4 E85/86 CAB/COUPÉ',2002,2008,37),
	(135,10,'02-Series E10 67-77','1502-2002',1967,1977,38),
	(136,10,'X6','X6 E71/E72',2008,2014,39),
	(137,10,'X1','X1 E84',2010,2016,40),
	(138,10,'1500-2000 E2 62-71','1500-2000 E2',1962,1971,41),
	(139,10,'700','700',0,0,42),
	(140,10,'507','507',0,0,43),
	(141,10,'Z8','Z8 E52',1998,2003,44),
	(142,10,'4-Series','4 F32/F33',2013,2016,45),
	(143,11,'Park Avenue','PARK AVENUE',0,0,1),
	(144,11,'Roadmaster','ROADMASTER',0,0,2),
	(145,11,'Skylark','SKYLARK',0,0,3),
	(146,11,'LeSabre','LE SABRE',0,0,4),
	(147,11,'Regal','REGAL',0,0,5),
	(148,11,'Electra','ELECTRA',0,0,6),
	(149,11,'Special','SPECIAL',0,0,7),
	(150,11,'Century','CENTURY',0,0,8),
	(151,11,'Estate Wagon','ESTATE WAGON',0,0,9),
	(152,11,'Skyhawk','SKYHAWK',0,0,10),
	(153,11,'Riviera','RIVIERA',0,0,11),
	(154,11,'Regal Somerset','REGAL SOMERSET',0,0,12),
	(155,11,'Grand National','GRAND NATIONAL',0,0,13),
	(156,12,'STS Seville','STS SEVILLE',0,0,1),
	(157,12,'DeVille','DEVILLE',0,0,2),
	(158,12,'SRX','SRX',0,0,3),
	(159,12,'Eldorado','ELDORADO',0,0,4),
	(160,12,'BLS','BLS',0,0,5),
	(161,12,'CTS','CTS',0,0,6),
	(162,12,'Escalade','ESCALADE',0,0,7),
	(163,12,'Fleetwood','FLEETWOOD',0,0,8),
	(164,12,'Allanté','ALLANTE',0,0,9),
	(165,12,'XLR','XLR',0,0,10),
	(166,12,'DTS','DTS',0,0,11),
	(167,13,'Ydea','YDEA',0,0,1),
	(168,13,'Sulky / P-U','SULKY P-U',0,0,2),
	(169,14,'Cab','CAB',0,0,1),
	(170,15,'Trans Sport','TRANS SPORT',0,0,1),
	(171,15,'Blazer / S10 Blazer','BLAZER',0,0,2),
	(172,15,'Blazer / S10 Blazer','BLAZER S10',0,0,3),
	(173,15,'Van G10, G20, G30','VAN G30',0,0,4),
	(174,15,'Van G10, G20, G30','VAN G10',0,0,5),
	(175,15,'Van G10, G20, G30','VAN G20',0,0,6),
	(176,15,'C/K Series','TRUCK C/K 30',0,0,7),
	(177,15,'C/K Series','TRUCK C/K 20',0,0,8),
	(178,15,'C/K Series','TRUCK C/K 10',0,0,9),
	(179,15,'C/K Series','TRUCK C/K 2500',0,0,10),
	(180,15,'C/K Series','TRUCK C/K 3500',0,0,11),
	(181,15,'C/K Series','TRUCK C/K 1500',0,0,12),
	(182,15,'Corvette','CORVETTE',0,0,13),
	(183,15,'Astro','ASTRO',0,0,14),
	(184,15,'Camaro','CAMARO',0,0,15),
	(185,15,'S10 PickUp','S10 PICKUP',0,0,16),
	(186,15,'Tahoe','TAHOE',0,0,17),
	(187,15,'Silverado','SILVERADO',0,0,18),
	(188,15,'TrailBlazer','TRAILBLAZER',0,0,19),
	(189,15,'Suburban','SUBURBAN',0,0,20),
	(190,15,'Kalos','KALOS',0,0,21),
	(191,15,'Caprice','CAPRICE',0,0,22),
	(192,15,'Nubira','NUBIRA',0,0,23),
	(193,15,'Matiz','MATIZ',0,0,24),
	(194,15,'Captiva','CAPTIVA',0,0,25),
	(195,15,'Alero','ALERO',0,0,26),
	(196,15,'Lacetti','LACETTI',0,0,27),
	(197,15,'Colorado','COLORADO',0,0,28),
	(198,15,'Beretta','BERETTA',0,0,29),
	(199,15,'Chevelle','CHEVELLE',0,0,30),
	(200,15,'Tacuma','TACUMA',0,0,31),
	(201,15,'Epica','EPICA',0,0,32),
	(202,15,'Corsica','CORSICA',0,0,33),
	(203,15,'Evanda','EVANDA',0,0,34),
	(204,15,'Avalanche','AVALANCHE',0,0,35),
	(205,15,'Cruze','CRUZE',0,0,36),
	(206,15,'Aveo','AVEO',0,0,37),
	(207,15,'Uplander','UPLANDER',0,0,38),
	(208,15,'Spark','SPARK',0,0,39),
	(209,15,'Nova','NOVA',0,0,40),
	(210,15,'Orlando','ORLANDO',0,0,41),
	(211,15,'Impala','IMPALA',0,0,42),
	(212,15,'Bel Air','BEL AIR',0,0,43),
	(213,15,'Equinox','EQUINOX',0,0,44),
	(214,15,'HHR','HHR',0,0,45),
	(215,15,'El Camino','EL CAMINO',0,0,46),
	(216,15,'Lumina','LUMINA',0,0,47),
	(217,15,'Monza','MONZA',0,0,48),
	(218,15,'Malibu','MALIBU',0,0,49),
	(219,15,'Citation','CITATION',0,0,50),
	(220,15,'Cavalier','CAVALIER',0,0,51),
	(221,15,'Celebrity','CELEBRITY',0,0,52),
	(222,15,'Monte Carlo','MONTE CARLO',0,0,53),
	(223,15,'Yukon','YUKON',0,0,54),
	(224,15,'SSR','SSR',0,0,55),
	(225,15,'Express','EXPRESS',0,0,56),
	(226,15,'Vega','VEGA',0,0,57),
	(227,15,'Envoy','ENVOY',0,0,58),
	(228,16,'Voyager','VOYAGER',2008,2016,1),
	(229,16,'Voyager','VOYAGER',2004,2007,2),
	(230,16,'Voyager','VOYAGER',2001,2004,3),
	(231,16,'Voyager','VOYAGER',1996,2001,4),
	(232,16,'Voyager','VOYAGER',1991,1995,5),
	(233,16,'Voyager','VOYAGER',1988,1990,6),
	(234,16,'PT Cruiser','PT CRUISER',0,0,7),
	(235,16,'Stratus','STRATUS',0,0,8),
	(236,16,'Sebring','SEBRING',0,0,9),
	(237,16,'300M','300M',0,0,10),
	(238,16,'Neon','NEON II',2000,2005,11),
	(239,16,'Neon','NEON I',1995,1999,12),
	(240,16,'300, 300C','300/300C',0,0,13),
	(241,16,'LeBaron','LEBARON',0,0,14),
	(242,16,'Vision','VISION',0,0,15),
	(243,16,'New Yorker','NEW YORKER',0,0,16),
	(244,16,'Valiant','VALIANT',0,0,17),
	(245,16,'Crossfire','CROSSFIRE',0,0,18),
	(246,16,'Concorde','CONCORDE',0,0,19),
	(247,16,'Viper','VIPER',0,0,20),
	(248,16,'Challenger','CHALLENGER',0,0,21),
	(249,16,'Belvedere','BELVEDERE',0,0,22),
	(250,16,'Satellite','SATELLITE',0,0,23),
	(251,16,'LHS','LHS',0,0,24),
	(252,16,'Pacifica','PACIFICA',0,0,25),
	(253,16,'Saratoga','SARATOGA',0,0,26),
	(254,16,'Aspen','ASPEN',0,0,27),
	(255,16,'Charger','CHARGER',0,0,28),
	(256,16,'Volare','VOLARE',0,0,29),
	(257,16,'Town & Country','TOWN COUNTRY',0,0,30),
	(258,17,'C5','C5',2008,2016,1),
	(259,17,'C5','C5',2005,2008,2),
	(260,17,'C5','C5',2001,2004,3),
	(261,17,'Berlingo','BERLINGO',2008,2016,4),
	(262,17,'Berlingo','BERLINGO',2003,2007,5),
	(263,17,'Berlingo','BERLINGO',1996,2002,6),
	(264,17,'Xsara, Xsara Picasso','XSARA',0,0,7),
	(265,17,'Xsara, Xsara Picasso','XSARA PICASSO',0,0,8),
	(266,17,'C3 Pluriel, Picasso','C3',2010,2016,9),
	(267,17,'C3 Pluriel, Picasso','C3',2005,2010,10),
	(268,17,'C3 Pluriel, Picasso','C3',2002,2004,11),
	(269,17,'C3 Pluriel, Picasso','C3 PLURIEL',0,0,12),
	(270,17,'C3 Pluriel, Picasso','C3 PICASSO',0,0,13),
	(271,17,'Xantia','XANTIA',0,0,14),
	(272,17,'C4 Picasso, Grand Picasso, Aircross, Cactus','C4 CACTUS',2014,2016,15),
	(273,17,'C4 Picasso, Grand Picasso, Aircross, Cactus','C4 PICASSO',2014,2016,16),
	(274,17,'C4 Picasso, Grand Picasso, Aircross, Cactus','C4 II',2011,2016,17),
	(275,17,'C4 Picasso, Grand Picasso, Aircross, Cactus','C4 GRAND PICASSO',2007,2013,18),
	(276,17,'C4 Picasso, Grand Picasso, Aircross, Cactus','C4 PICASSO',2007,2013,19),
	(277,17,'C4 Picasso, Grand Picasso, Aircross, Cactus','C4 I',2005,2010,20),
	(278,17,'C4 Picasso, Grand Picasso, Aircross, Cactus','C4 AIRCROSS',0,0,21),
	(279,17,'Jumpy','JUMPY',2007,2016,22),
	(280,17,'Jumpy','JUMPY',1995,2006,23),
	(281,17,'Jumper','JUMPER',2007,2013,24),
	(282,17,'Jumper','JUMPER',2002,2006,25),
	(283,17,'Jumper','JUMPER',1994,2001,26),
	(284,17,'XM','XM',0,0,27),
	(285,17,'ZX','ZX',0,0,28),
	(286,17,'BX','BX',0,0,29),
	(287,17,'Evasion','EVASION',0,0,30),
	(288,17,'C2','C2',0,0,31),
	(289,17,'C25','C25',0,0,32),
	(290,17,'C8','C8',0,0,33),
	(291,17,'C1','C1',2014,2016,34),
	(292,17,'C1','C1',2006,2013,35),
	(293,17,'AX','AX',0,0,36),
	(294,17,'CX','CX',0,0,37),
	(295,17,'Nemo','NEMO',0,0,38),
	(296,17,'Saxo','SAXO',0,0,39),
	(297,17,'Visa','VISA',0,0,40),
	(298,17,'C-Crosser','C-CROSSER',0,0,41),
	(299,17,'GS','GS',0,0,42),
	(300,17,'C6','C6',0,0,43),
	(301,17,'GSA','GSA',0,0,44),
	(302,17,'DS3','DS3',0,0,45),
	(303,17,'ID-DS Serie','ID-DS',0,0,46),
	(304,17,'DS5','DS5',0,0,47),
	(305,17,'B19','B19',0,0,48),
	(306,17,'DS4','DS4',0,0,49),
	(307,17,'C15','C15',0,0,50),
	(308,19,'Logan','LOGAN PICK-UP',0,0,1),
	(309,19,'Logan','LOGAN MCV',0,0,2),
	(310,19,'Logan','LOGAN VAN',0,0,3),
	(311,19,'Sandero, Sandero Stepway','SANDERO',0,0,4),
	(312,19,'Duster','DUSTER',0,0,5),
	(313,19,'Aro','ARO',0,0,6),
	(314,19,'Lodgy','LODGY',0,0,7),
	(315,19,'Dokker','DOKKER',0,0,8),
	(316,20,'Matiz','MATIZ',0,0,1),
	(317,20,'Nubira','NUBIRA',0,0,2),
	(318,20,'Lanos','LANOS',0,0,3),
	(319,20,'Kalos','KALOS',0,0,4),
	(320,20,'Evanda','EVANDA',0,0,5),
	(321,20,'Tacuma','TACUMA',0,0,6),
	(322,20,'Leganza','LEGANZA',0,0,7),
	(323,20,'Lublin','LUBLIN',0,0,8),
	(324,20,'Espero','ESPERO',0,0,9),
	(325,20,'Lacetti','LACETTI',0,0,10),
	(326,20,'Nexia','NEXIA',0,0,11),
	(327,21,'55/66','55/66',0,0,1),
	(328,22,'Charade','CHARADE',1994,2000,1),
	(329,22,'Charade','CHARADE',1987,1993,2),
	(330,22,'Charade','CHARADE',1984,1987,3),
	(331,22,'Charade','CHARADE',1979,1983,4),
	(332,22,'Applause','APPLAUSE',0,0,5),
	(333,22,'Charmant','CHARMANT',0,0,6),
	(334,22,'Sirion','SIRION',0,0,7),
	(335,22,'Terios','TERIOS',0,0,8),
	(336,22,'Feroza','FEROZA',0,0,9),
	(337,22,'Rocky','ROCKY',0,0,10),
	(338,22,'1000, Hijet','1000, HIJET',0,0,11),
	(339,22,'850, Hijet','850, HIJET',0,0,12),
	(340,22,'Gran Move','GRAN MOVE',0,0,13),
	(341,22,'Cuore','CUORE',0,0,14),
	(342,23,'120 Y','120 Y',0,0,1),
	(343,23,'180 B','180 B',1977,1980,2),
	(344,23,'180 B','180 B',1972,1977,3),
	(345,23,'120 A','120 A',0,0,4),
	(346,23,'140 Y','140 Y',0,0,5),
	(347,23,'160 J','160 J',1978,1980,6),
	(348,23,'160 J','160 J',1973,1977,7),
	(349,23,'100','100',0,0,8),
	(350,23,'1200-1400','1200-1400',0,0,9),
	(351,23,'720 Last/PickUp','720 LAST/PICKUP',0,0,10),
	(352,23,'1600-1800','1600-1800',0,0,11),
	(353,23,'200L Laurel','200L LAUREL',0,0,12),
	(354,24,'RAM VAN, Wagon','VAN B100',0,0,1),
	(355,24,'RAM VAN, Wagon','VAN B300',0,0,2),
	(356,24,'RAM VAN, Wagon','VAN B200/250',0,0,3),
	(357,24,'RAM VAN, Wagon','VAN RAM ÖVRIGT',0,0,4),
	(358,24,'PickUp RAM, SRT-10','PICKUP RAM SRT-10',0,0,5),
	(359,24,'PickUp RAM, SRT-10','PICKUP RAM',0,0,6),
	(360,24,'Durango','DURANGO',0,0,7),
	(361,24,'Caliber','CALIBER',0,0,8),
	(362,24,'D Trucks','PICK UP D100',0,0,9),
	(363,24,'D Trucks','PICK UP D300',0,0,10),
	(364,24,'D Trucks','PICK UP D200',0,0,11),
	(365,24,'Viper','VIPER',0,0,12),
	(366,24,'Caravan','CARAVAN',0,0,13),
	(367,24,'Caravan','GRAND CARAVAN',0,0,14),
	(368,24,'Nitro','NITRO',0,0,15),
	(369,24,'Magnum','MAGNUM',0,0,16),
	(370,24,'Stealth','STEALTH',0,0,17),
	(371,24,'Dakota','DAKOTA',0,0,18),
	(372,24,'Journey','JOURNEY',0,0,19),
	(373,24,'Dart','DART',0,0,20),
	(374,24,'Avenger','AVENGER',0,0,21),
	(375,24,'Challenger','CHALLENGER',0,0,22),
	(376,24,'Charger','CHARGER',0,0,23),
	(377,24,'Intrepid','INTREPID',0,0,24),
	(378,24,'Diplomat','DIPLOMAT',0,0,25),
	(379,24,'Ramcharger','RAMCHARGER',0,0,26),
	(380,24,'Coronet','CORONET',0,0,27),
	(381,24,'Shadow','SHADOW',0,0,28),
	(382,24,'Spirit','SPIRIT',0,0,29),
	(383,25,'F355','F355',0,0,1),
	(384,25,'F430','F430',0,0,2),
	(385,25,'599','599',0,0,3),
	(386,25,'550','550',0,0,4),
	(387,25,'348','348',0,0,5),
	(388,25,'360','360',0,0,6),
	(389,26,'Ducato','DUCATO',2007,2016,1),
	(390,26,'Ducato','DUCATO',2002,2006,2),
	(391,26,'Ducato','DUCATO',1994,2001,3),
	(392,26,'Ducato','DUCATO',1981,1993,4),
	(393,26,'Punto','PUNTO',2000,2016,5),
	(394,26,'Punto','PUNTO',1994,1999,6),
	(395,26,'Bravo, Brava','BRAVO',2007,2011,7),
	(396,26,'Bravo, Brava','BRAVO/BRAVA',1996,2002,8),
	(397,26,'Marea','MAREA',0,0,9),
	(398,26,'Stilo','STILO',0,0,10),
	(399,26,'Strada','STRADA',0,0,11),
	(400,26,'Uno','UNO',0,0,12),
	(401,26,'Panda','PANDA',2004,2016,13),
	(402,26,'Panda','PANDA',1986,1989,14),
	(403,26,'Panda','PANDA',1983,1985,15),
	(404,26,'Iveco Daily','/IVECO DAILY',0,0,16),
	(405,26,'Doblò','DOBLO',0,0,17),
	(406,26,'Croma','CROMA',2006,2016,18),
	(407,26,'Croma','CROMA',1985,1996,19),
	(408,26,'Tipo','TIPO',0,0,20),
	(409,26,'Coupé','COUPÉ',0,0,21),
	(410,26,'Barchetta','BARCHETTA',0,0,22),
	(411,26,'Ritmo','RITMO',1983,1988,23),
	(412,26,'Ritmo','RITMO',1979,1982,24),
	(413,26,'127','127',1978,1983,25),
	(414,26,'127','127',1972,1977,26),
	(415,26,'Scudo','SCUDO',2007,2016,27),
	(416,26,'Scudo','SCUDO',1995,2006,28),
	(417,26,'Regatta','REGATTA',1987,1989,29),
	(418,26,'Regatta','REGATTA',1984,1986,30),
	(419,26,'Tempra','TEMPRA',0,0,31),
	(420,26,'128','128',0,0,32),
	(421,26,'131','131',1982,1984,33),
	(422,26,'131','131',1975,1981,34),
	(423,26,'Grande Punto','GRANDE PUNTO',0,0,35),
	(424,26,'500 07->>','500',2007,2016,36),
	(425,26,'Multipla','MULTIPLA',0,0,37),
	(426,26,'Ulysse','ULYSSE',0,0,38),
	(427,26,'Fiorino','FIORINO',0,0,39),
	(428,26,'132','132',1978,1980,40),
	(429,26,'132','132',1973,1977,41),
	(430,26,'Argenta','ARGENTA',0,0,42),
	(431,26,'Idea','IDEA',0,0,43),
	(432,26,'X1/9','X1/9',0,0,44),
	(433,26,'500 Cinquecento 91-98','500 CINQUECENTO',1991,1998,45),
	(434,26,'Punto Evo','PUNTO EVO',0,0,46),
	(435,26,'Qubo','QUBO',0,0,47),
	(436,26,'Palio','PALIO',0,0,48),
	(437,26,'Albea','ALBEA',0,0,49),
	(438,26,'Freemont','FREEMONT',0,0,50),
	(439,26,'Sedici','SEDICI',0,0,51),
	(440,26,'500L','500L',2013,2016,52),
	(441,26,'Lybra','LYBRA',0,0,53),
	(442,26,'Linea','LINEA',0,0,54),
	(443,27,'Mondeo','MONDEO',2013,2016,1),
	(444,27,'Mondeo','MONDEO',2007,2013,2),
	(445,27,'Mondeo','MONDEO',2001,2006,3),
	(446,27,'Mondeo','MONDEO',1997,2001,4),
	(447,27,'Mondeo','MONDEO',1993,1996,5),
	(448,27,'Focus, C-Max, Grand C-Max','FOCUS',2011,2014,6),
	(449,27,'Focus, C-Max, Grand C-Max','C-MAX II',2011,2016,7),
	(450,27,'Focus, C-Max, Grand C-Max','FOCUS',2008,2011,8),
	(451,27,'Focus, C-Max, Grand C-Max','FOCUS C-MAX I',2007,2010,9),
	(452,27,'Focus, C-Max, Grand C-Max','FOCUS',2004,2007,10),
	(453,27,'Focus, C-Max, Grand C-Max','FOCUS C-MAX I',2003,2006,11),
	(454,27,'Focus, C-Max, Grand C-Max','FOCUS',1999,2004,12),
	(455,27,'Escort','ESCORT',1995,2000,13),
	(456,27,'Escort','ESCORT',1991,1995,14),
	(457,27,'Escort','ESCORT',1986,1990,15),
	(458,27,'Escort','ESCORT',1981,1985,16),
	(459,27,'Escort','ESCORT',1975,1980,17),
	(460,27,'Escort','ESCORT',1968,1975,18),
	(461,27,'Fiesta','FIESTA',2013,2016,19),
	(462,27,'Fiesta','FIESTA',2009,2012,20),
	(463,27,'Fiesta','FIESTA',2006,2008,21),
	(464,27,'Fiesta','FIESTA',2002,2005,22),
	(465,27,'Fiesta','FIESTA',2000,2001,23),
	(466,27,'Fiesta','FIESTA',1996,1999,24),
	(467,27,'Fiesta','FIESTA',1989,1995,25),
	(468,27,'Fiesta','FIESTA',1984,1988,26),
	(469,27,'Fiesta','FIESTA',1976,1983,27),
	(470,27,'Scorpio','SCORPIO',1995,1998,28),
	(471,27,'Scorpio','SCORPIO',1992,1994,29),
	(472,27,'Scorpio','SCORPIO',1985,1991,30),
	(473,27,'Transit','TRANSIT SKÅP/BUSS',2014,2016,31),
	(474,27,'Transit','TRANSIT',2006,2013,32),
	(475,27,'Transit','TRANSIT',2000,2006,33),
	(476,27,'Transit','TRANSIT',1986,1999,34),
	(477,27,'Transit','TRANSIT',1978,1985,35),
	(478,27,'Transit','TRANSIT',1965,1977,36),
	(479,27,'Sierra','SIERRA',1987,1993,37),
	(480,27,'Sierra','SIERRA',1982,1987,38),
	(481,27,'Galaxy','GALAXY',2006,2016,39),
	(482,27,'Galaxy','GALAXY',2000,2006,40),
	(483,27,'Galaxy','GALAXY',1996,1999,41),
	(484,27,'Mustang','MUSTANG V',2005,2014,42),
	(485,27,'Mustang','MUSTANG IV',1994,2004,43),
	(486,27,'Mustang','MUSTANG III',1979,1993,44),
	(487,27,'Mustang','MUSTANG II',1974,1978,45),
	(488,27,'Mustang','MUSTANG I',1964,1973,46),
	(489,27,'Explorer','EXPLORER',0,0,47),
	(490,27,'KA','KA',2009,2016,48),
	(491,27,'KA','KA',1996,2008,49),
	(492,27,'Windstar','WINDSTAR',0,0,50),
	(493,27,'Transit/Tourneo Connect','TRANSIT/TOURNEO CONNECT',2014,2016,51),
	(494,27,'Transit/Tourneo Connect','TRANSIT CONNECT',2009,2013,52),
	(495,27,'Transit/Tourneo Connect','TOURNEO CONNECT',2009,2013,53),
	(496,27,'Transit/Tourneo Connect','TOURNEO CONNECT',2003,2008,54),
	(497,27,'Transit/Tourneo Connect','TRANSIT CONNECT',2003,2008,55),
	(498,27,'Ranger','RANGER',2012,2016,56),
	(499,27,'Ranger','RANGER',2007,2011,57),
	(500,27,'Ranger','BRONCO/RANGER',1983,2006,58),
	(501,27,'Granada','GRANADA',1982,1985,59),
	(502,27,'Granada','GRANADA',1978,1981,60),
	(503,27,'Granada','GRANADA',1972,1977,61),
	(504,27,'Probe','PROBE',0,0,62),
	(505,27,'Taunus','TAUNUS',1980,1982,63),
	(506,27,'Taunus','TAUNUS',1976,1979,64),
	(507,27,'Taunus','TAUNUS',1971,1975,65),
	(508,27,'Taunus','TAUNUS 12M-26M',1965,1972,66),
	(509,27,'Orion','ORION',1991,1993,67),
	(510,27,'Orion','ORION',1986,1990,68),
	(511,27,'Orion','ORION',1984,1985,69),
	(512,27,'Fusion','FUSION',0,0,70),
	(513,27,'F-Series','TRUCK F100',0,0,71),
	(514,27,'F-Series','TRUCK F550',0,0,72),
	(515,27,'F-Series','TRUCK F350',0,0,73),
	(516,27,'F-Series','TRUCK F150',0,0,74),
	(517,27,'F-Series','TRUCK F250',0,0,75),
	(518,27,'S-MAX','S-MAX',0,0,76),
	(519,27,'Maverick','MAVERICK',0,0,77),
	(520,27,'Puma','PUMA',0,0,78),
	(521,27,'Thunderbird','THUNDERBIRD',0,0,79),
	(522,27,'Express','EXPRESS',0,0,80),
	(523,27,'Taurus','TAURUS',0,0,81),
	(524,27,'E-Series','VAN E350',0,0,82),
	(525,27,'E-Series','VAN E150',0,0,83),
	(526,27,'E-Series','VAN E250',0,0,84),
	(527,27,'E-Series','VAN E100',0,0,85),
	(528,27,'E-Series','ECONOLINE',0,0,86),
	(529,27,'Aerostar','AEROSTAR',0,0,87),
	(530,27,'Courier','COURIER',1991,2002,88),
	(531,27,'Cougar','COUGAR',0,0,89),
	(532,27,'Tourneo','TOURNEO',1995,2002,90),
	(533,27,'Capri','CAPRI',1974,1982,91),
	(534,27,'Capri','CAPRI',1965,1973,92),
	(535,27,'Kuga','KUGA',2013,2016,93),
	(536,27,'Kuga','KUGA',2008,2012,94),
	(537,27,'Bronco','BRONCO',1966,1996,95),
	(538,27,'Mercury','MERCURY',0,0,96),
	(539,27,'Expedition','EXPEDITION',0,0,97),
	(540,27,'Lincoln','LINCOLN',0,0,98),
	(541,27,'Fairlane','FAIRLANE',0,0,99),
	(542,27,'StreetKa','STREETKA',0,0,100),
	(543,27,'Excursion','EXCURSION',0,0,101),
	(544,27,'Falcon','FALCON',0,0,102),
	(545,27,'Ranchero','RANCHERO',0,0,103),
	(546,27,'Galaxie','GALAXIE',0,0,104),
	(547,27,'Econovan','ECONOVAN',0,0,105),
	(548,27,'Pinto','PINTO',0,0,106),
	(549,27,'89','89',0,0,107),
	(550,27,'B-MAX','B-MAX',2012,2016,108),
	(551,27,'LTD','LTD',0,0,109),
	(552,27,'Anglia','ANGLIA',0,0,110),
	(553,27,'Contour','CONTOUR',0,0,111),
	(554,27,'Zephyr','ZEPHYR',0,0,112),
	(555,27,'Cortina','CORTINA',0,0,113),
	(556,27,'Consul','CONSUL',0,0,114),
	(557,27,'Torino','TORINO',0,0,115),
	(558,27,'Crown Victoria','CROWN VICTORIA',0,0,116),
	(559,27,'Escape','ESCAPE',0,0,117),
	(560,27,'Transit/Tourneo Custom','TRANSIT/TOURNEO CUSTOM',2014,2016,118),
	(561,28,'Exceed','EXCEED',0,0,1),
	(562,30,'Typhoon','TYPHOON',0,0,1),
	(563,30,'Safari','SAFARI',0,0,2),
	(564,30,'VAN','VAN',0,0,3),
	(565,30,'Yukon','YUKON',0,0,4),
	(566,30,'Sierra','SIERRA 1000',0,0,5),
	(567,30,'Jimmy','JIMMY',0,0,6),
	(568,31,'Berlina/Sport','BERLINA/SPORT',0,0,1),
	(569,31,'Lavoro','LAVORO',0,0,2),
	(570,31,'Amica 3-hjuling','AMICA 3-HJULING',0,0,3),
	(571,31,'Amica Luna','AMICA LUNA',0,0,4),
	(572,31,'P-U/Van/SW','P-U/VAN/SW',0,0,5),
	(573,33,'Civic','CIVIC',2012,2016,1),
	(574,33,'Civic','CIVIC',2006,2011,2),
	(575,33,'Civic','CIVIC',2001,2005,3),
	(576,33,'Civic','CIVIC',1996,2000,4),
	(577,33,'Civic','CIVIC',1992,1995,5),
	(578,33,'Civic','CIVIC',1988,1991,6),
	(579,33,'Civic','CIVIC',1984,1987,7),
	(580,33,'Civic','CIVIC',1982,1983,8),
	(581,33,'Civic','CIVIC',1980,1981,9),
	(582,33,'Civic','CIVIC',1977,1979,10),
	(583,33,'Civic','CIVIC',1974,1976,11),
	(584,33,'Accord','ACCORD',2008,2016,12),
	(585,33,'Accord','ACCORD',2003,2007,13),
	(586,33,'Accord','ACCORD',1999,2002,14),
	(587,33,'Accord','ACCORD',1994,1998,15),
	(588,33,'Accord','ACCORD',1990,1993,16),
	(589,33,'Accord','ACCORD',1986,1989,17),
	(590,33,'Accord','ACCORD',1982,1985,18),
	(591,33,'Accord','ACCORD',1977,1981,19),
	(592,33,'CR-V','CR-V',2013,2016,20),
	(593,33,'CR-V','CR-V',2007,2012,21),
	(594,33,'CR-V','CR-V',2002,2006,22),
	(595,33,'CR-V','CR-V',1997,2001,23),
	(596,33,'Prelude','PRELUDE',1997,2001,24),
	(597,33,'Prelude','PRELUDE',1992,1996,25),
	(598,33,'Prelude','PRELUDE',1985,1991,26),
	(599,33,'Prelude','PRELUDE',1983,1984,27),
	(600,33,'Prelude','PRELUDE',1974,1982,28),
	(601,33,'CRX','CRX',0,0,29),
	(602,33,'Legend','LEGEND',1997,1998,30),
	(603,33,'Legend','LEGEND',1991,1996,31),
	(604,33,'Legend','LEGEND',1986,1990,32),
	(605,33,'Jazz','JAZZ',2008,2014,33),
	(606,33,'Jazz','JAZZ',2002,2008,34),
	(607,33,'Jazz','JAZZ',1984,1986,35),
	(608,33,'S2000','S2000',0,0,36),
	(609,33,'Shuttle','SHUTTLE',1995,2000,37),
	(610,33,'Shuttle','SHUTTLE',1984,1991,38),
	(611,33,'HR-V','HR-V',1998,2003,39),
	(612,33,'Stream','STREAM',0,0,40),
	(613,33,'Concerto','CONCERTO',0,0,41),
	(614,33,'FR-V','FR-V',0,0,42),
	(615,33,'Logo','LOGO',0,0,43),
	(616,33,'Quintet','QUINTET',0,0,44),
	(617,33,'Integra','INTEGRA',0,0,45),
	(618,33,'Odyssey','ODYSSEY',0,0,46),
	(619,33,'Insight','INSIGHT',0,0,47),
	(620,33,'NSX','NSX',0,0,48),
	(621,33,'CR-Z','CR-Z',0,0,49),
	(622,34,'H2','H2',0,0,1),
	(623,34,'H3','H3',0,0,2),
	(624,35,'Accent','ACCENT',2006,2016,1),
	(625,35,'Accent','ACCENT',2003,2006,2),
	(626,35,'Accent','ACCENT',1999,2002,3),
	(627,35,'Accent','ACCENT',1995,1998,4),
	(628,35,'Santa Fe, Grand Santa Fe','SANTA FE',2013,2016,5),
	(629,35,'Santa Fe, Grand Santa Fe','SANTA FE',2006,2012,6),
	(630,35,'Santa Fe, Grand Santa Fe','SANTA FE',2000,2006,7),
	(631,35,'Elantra','ELANTRA',2004,2016,8),
	(632,35,'Elantra','ELANTRA',2000,2003,9),
	(633,35,'Elantra','ELANTRA',1996,2000,10),
	(634,35,'Elantra','ELANTRA',1991,1995,11),
	(635,35,'Sonata','SONATA',2006,2016,12),
	(636,35,'Sonata','SONATA',1999,2005,13),
	(637,35,'Sonata','SONATA',1994,1998,14),
	(638,35,'Sonata','SONATA',1991,1993,15),
	(639,35,'Atos','ATOS PRIME',1999,2016,16),
	(640,35,'Atos','ATOS CLASSIC',1997,2003,17),
	(641,35,'Trajet','TRAJET',0,0,18),
	(642,35,'Getz','GETZ',0,0,19),
	(643,35,'H-1/Starex','H-1/STAREX',2008,2016,20),
	(644,35,'H-1/Starex','H-1/STAREX',1997,2008,21),
	(645,35,'Coupe','COUPÉ',0,0,22),
	(646,35,'Matrix','MATRIX',0,0,23),
	(647,35,'i30','I30',2013,2016,24),
	(648,35,'i30','I30',2007,2012,25),
	(649,35,'Tucson','TUCSON',0,0,26),
	(650,35,'Pony','PONY',0,0,27),
	(651,35,'Terracan','TERRACAN',0,0,28),
	(652,35,'i10','I10',0,0,29),
	(653,35,'Scoupe','SCOUPE',0,0,30),
	(654,35,'i20','I20',0,0,31),
	(655,35,'H-100','H-100',0,0,32),
	(656,35,'ix35','IX35',0,0,33),
	(657,35,'XG','XG 30',0,0,34),
	(658,35,'i40','I40',0,0,35),
	(659,35,'Galloper','GALLOPER',0,0,36),
	(660,35,'ix20','IX20',0,0,37),
	(661,35,'Genesis','GENESIS',0,0,38),
	(662,35,'Grandeur','GRANDEUR',0,0,39),
	(663,36,'FX35, FX45','FX35/FX45',0,0,1),
	(664,36,'G37','G37',0,0,2),
	(665,36,'G35','G35',0,0,3),
	(666,36,'M30','M30',0,0,4),
	(667,36,'QX56','QX56',0,0,5),
	(668,38,'Pick Up','PICKUP',0,0,1),
	(669,38,'Pick Up','SPORT CAB',0,0,2),
	(670,38,'Campo','CAMPO',0,0,3),
	(671,38,'D-Max','D-MAX',0,0,4),
	(672,38,'Trooper','TROOPER',0,0,5),
	(673,38,'Gemini','GEMINI',0,0,6),
	(674,38,'Van WFR, WFS','VAN WFR/WFS',0,0,7),
	(675,38,'Piazza','PIAZZA',0,0,8),
	(676,38,'N Series','N SERIEN',0,0,9),
	(677,38,'IPV Passenger Van','IPV PASSENGER VAN',0,0,10),
	(678,39,'Daily','DAILY 45/49.10',0,0,1),
	(679,39,'Daily','DAILY 40.8',0,0,2),
	(680,39,'Daily','DAILY 35/40.10',0,0,3),
	(681,39,'Daily','DAILY 30.8/9',0,0,4),
	(682,39,'Daily','DAILY 35.8/9',0,0,5),
	(683,40,'XJ','XJ X351',2010,2016,1),
	(684,40,'XJ','XJ X350',2003,2009,2),
	(685,40,'XJ','XJ X308',1998,2002,3),
	(686,40,'XJ','XJ X300',1995,1997,4),
	(687,40,'XJ','XJ40',1986,1994,5),
	(688,40,'XJ','XJ SERIE 3',1979,1992,6),
	(689,40,'XJ','XJ SERIE 2',1973,1979,7),
	(690,40,'S-Type','S-TYPE',0,0,8),
	(691,40,'X-Type','X-TYPE',0,0,9),
	(692,40,'XK-Series','XK/XKR',2006,2016,10),
	(693,40,'XK-Series','XK8/XKR',1996,2006,11),
	(694,40,'XF','XF',0,0,12),
	(695,40,'XJS','XJS',0,0,13),
	(696,41,'Abaca','ABACA',0,0,1),
	(697,41,'Albizia','ALBIZIA',0,0,2),
	(698,41,'Titane','TITANE',0,0,3),
	(699,41,'Roxsy','ROXSY',0,0,4),
	(700,42,'Grand Cherokee','GRAND CHEROKEE',2011,2016,1),
	(701,42,'Grand Cherokee','GRAND CHEROKEE',2005,2010,2),
	(702,42,'Grand Cherokee','GRAND CHEROKEE',1999,2004,3),
	(703,42,'Grand Cherokee','GRAND CHEROKEE',1993,1998,4),
	(704,42,'Cherokee','CHEROKEE',0,0,5),
	(705,42,'Wrangler','WRANGLER',0,0,6),
	(706,42,'Comanche','COMANCHE',0,0,7),
	(707,42,'Patriot','PATRIOT',0,0,8),
	(708,42,'Commander','COMMANDER',0,0,9),
	(709,42,'Liberty','LIBERTY',0,0,10),
	(710,42,'Compass','COMPASS',0,0,11),
	(711,43,'Ceed, Ceed SW, Pro Ceed','CEE´D',2012,2016,1),
	(712,43,'Ceed, Ceed SW, Pro Ceed','CEE´D',2006,2012,2),
	(713,43,'Sportage','SPORTAGE',2011,2016,3),
	(714,43,'Sportage','SPORTAGE',2005,2010,4),
	(715,43,'Sportage','SPORTAGE',1995,2004,5),
	(716,43,'Sorento','SORENTO',2010,2016,6),
	(717,43,'Sorento','SORENTO',2003,2009,7),
	(718,43,'Rio','RIO',2012,2016,8),
	(719,43,'Rio','RIO',2006,2011,9),
	(720,43,'Rio','RIO',2001,2005,10),
	(721,43,'Carnival','CARNIVAL',0,0,11),
	(722,43,'Picanto','PICANTO',2012,2016,12),
	(723,43,'Picanto','PICANTO',2004,2011,13),
	(724,43,'Sephia','SEPHIA',1999,2001,14),
	(725,43,'Sephia','SEPHIA',1994,1998,15),
	(726,43,'Carens','CARENS III',2013,2016,16),
	(727,43,'Carens','CARENS II',2007,2012,17),
	(728,43,'Carens','CARENS I',2003,2006,18),
	(729,43,'Clarus','CLARUS',2000,2001,19),
	(730,43,'Clarus','CLARUS',1997,1999,20),
	(731,43,'Pride','PRIDE',0,0,21),
	(732,43,'Shuma','SHUMA',0,0,22),
	(733,43,'Magentis','MAGENTIS',0,0,23),
	(734,43,'Cerato','CERATO',0,0,24),
	(735,43,'Pregio','PREGIO',0,0,25),
	(736,43,'Venga','VENGA',0,0,26),
	(737,43,'Soul','SOUL',0,0,27),
	(738,43,'Opirus','OPIRUS',0,0,28),
	(739,43,'K2500, K2700, K3000','K2700 KING CAB',2002,2016,29),
	(740,43,'K2500, K2700, K3000','K2500, K2700, K3000',0,0,30),
	(741,43,'Credos','CREDOS',0,0,31),
	(742,43,'Besta','BESTA',0,0,32),
	(743,43,'Optima','OPTIMA',0,0,33),
	(744,43,'Sedona','SEDONA',0,0,34),
	(745,44,'Samara','SAMARA',0,0,1),
	(746,44,'Niva','NIVA',0,0,2),
	(747,44,'2104, 2105','2104/2105',0,0,3),
	(748,44,'2107','2107',0,0,4),
	(749,44,'Baltica','BALTICA',0,0,5),
	(750,44,'2106','2106',0,0,6),
	(751,44,'2103 1500-1600','2103 1500-1600',0,0,7),
	(752,45,'Gallardo','GALLARDO',0,0,1),
	(753,45,'Murciélago','MURCIÉLAGO',0,0,2),
	(754,46,'Y10','Y10',0,0,1),
	(755,46,'A112 Abarth','A112',0,0,2),
	(756,46,'Prisma','PRISMA',0,0,3),
	(757,46,'Delta','DELTA',0,0,4),
	(758,46,'Thema','THEMA',0,0,5),
	(759,46,'Beta','BETA',1974,1978,6),
	(760,46,'Dedra','DEDRA',0,0,7),
	(761,46,'Lybra','LYBRA',0,0,8),
	(762,46,'Zeta','ZETA',0,0,9),
	(763,46,'Voyager','VOYAGER',0,0,10),
	(764,46,'Phedra','PHEDRA',0,0,11),
	(765,46,'Kappa','KAPPA',0,0,12),
	(766,46,'Ypsilon','YPSILON',0,0,13),
	(767,46,'Musa','MUSA',0,0,14),
	(768,46,'Thesis','THESIS',0,0,15),
	(769,47,'Discovery','DISCOVERY 4/LR4',2010,2016,1),
	(770,47,'Discovery','DISCOVERY 3/LR3',2005,2009,2),
	(771,47,'Discovery','DISCOVERY',1998,2004,3),
	(772,47,'Discovery','DISCOVERY',1989,1998,4),
	(773,47,'Freelander','FREELANDER 2/LR2',2007,2016,5),
	(774,47,'Freelander','FREELANDER',1996,2006,6),
	(775,47,'Defender','DEFENDER',2007,2016,7),
	(776,47,'Defender','DEFENDER',1987,2006,8),
	(777,47,'Range Rover','RANGE ROVER SPORT',2010,2016,9),
	(778,47,'Range Rover','RANGE ROVER SPORT',2005,2009,10),
	(779,47,'Range Rover','RANGE ROVER L322',2002,2012,11),
	(780,47,'Range Rover','RANGE ROVER P38A',1994,2001,12),
	(781,47,'Range Rover','RANGE ROVER CLASSIC',1992,1994,13),
	(782,47,'Range Rover','RANGE ROVER CLASSIC',1986,1991,14),
	(783,47,'Range Rover','RANGE ROVER EVOQUE',0,0,15),
	(784,48,'IS, IS-F','IS 250/350',2014,2016,1),
	(785,48,'IS, IS-F','IS 220D/250/350',2006,2013,2),
	(786,48,'IS, IS-F','IS 200/300',1999,2005,3),
	(787,48,'IS, IS-F','IS-F',0,0,4),
	(788,48,'RX','RX 450H',0,0,5),
	(789,48,'RX','RX 300',0,0,6),
	(790,48,'RX','RX 330/350/400H',0,0,7),
	(791,48,'LS','LS 430',0,0,8),
	(792,48,'LS','LS 400',0,0,9),
	(793,48,'LS','LS 460/600H',0,0,10),
	(794,48,'GS','GS 300/430/450H',2005,2012,11),
	(795,48,'GS','GS 300/400/430',1991,2005,12),
	(796,48,'ES','ES 250/300/330',0,0,13),
	(797,48,'SC','SC 300/400',0,0,14),
	(798,48,'SC','SC 430',0,0,15),
	(799,48,'GX','GX 470',0,0,16),
	(800,48,'CT','CT 200H',0,0,17),
	(801,48,'NX','NX 300H',2015,2016,18),
	(802,49,'Nova','NOVA',0,0,1),
	(803,49,'X-TOO','X-TOO',0,0,2),
	(804,49,'IXO','IXO',0,0,3),
	(805,49,'JS RC','JS RC',0,0,4),
	(806,49,'JS 50','JS 50',0,0,5),
	(807,50,'Town Car','TOWN CAR',0,0,1),
	(808,50,'Navigator','NAVIGATOR',0,0,2),
	(809,50,'Mark III-VIII','MARK VII',0,0,3),
	(810,50,'Mark III-VIII','MARK VIII',0,0,4),
	(811,50,'Continental','CONTINENTAL',0,0,5),
	(812,51,'Elise','ELISE',0,0,1),
	(813,51,'Esprit','ESPRIT',0,0,2),
	(814,51,'Elan','ELAN',0,0,3),
	(815,52,'3200 GT Coupé 98-02','3200 GT COUPÉ',1998,2002,1),
	(816,52,'Biturbo 82-94','BITURBO',1982,1994,2),
	(817,52,'Coupé 02->>','COUPÉ',2002,2016,3),
	(818,52,'Quattroporte','QUATTROPORTE',0,0,4),
	(819,53,'323, 323F','323',1999,2003,1),
	(820,53,'323, 323F','323 F',1999,2003,2),
	(821,53,'323, 323F','323 F',1995,1998,3),
	(822,53,'323, 323F','323',1995,1998,4),
	(823,53,'323, 323F','323 F',1990,1994,5),
	(824,53,'323, 323F','323',1990,1994,6),
	(825,53,'323, 323F','323',1986,1989,7),
	(826,53,'323, 323F','323',1983,1985,8),
	(827,53,'323, 323F','323',1981,1982,9),
	(828,53,'323, 323F','323',1979,1980,10),
	(829,53,'323, 323F','323',1976,1978,11),
	(830,53,'626','626',1998,2002,12),
	(831,53,'626','626',1992,1997,13),
	(832,53,'626','626',1988,1991,14),
	(833,53,'626','626',1983,1987,15),
	(834,53,'626','626',1979,1982,16),
	(835,53,'6','6',2013,2016,17),
	(836,53,'6','6',2008,2013,18),
	(837,53,'6','6',2002,2008,19),
	(838,53,'B-Series Truck','B2000/B2200',1985,2001,20),
	(839,53,'B-Series Truck','B2000',1983,1984,21),
	(840,53,'B-Series Truck','B2500',0,0,22),
	(841,53,'B-Series Truck','B1600',0,0,23),
	(842,53,'B-Series Truck','B1800',0,0,24),
	(843,53,'B-Series Truck','B2600',0,0,25),
	(844,53,'3','3 II',2013,2016,26),
	(845,53,'3','3 II',2009,2013,27),
	(846,53,'3','3 I',2007,2008,28),
	(847,53,'3','3 I',2003,2006,29),
	(848,53,'MX-5 Miata','MX-5 III MIATA',2006,2016,30),
	(849,53,'MX-5 Miata','MX-5 II  MIATA',1998,2005,31),
	(850,53,'MX-5 Miata','MX-5 I   MIATA',1989,1998,32),
	(851,53,'RX','RX2',0,0,33),
	(852,53,'RX','RX8',0,0,34),
	(853,53,'RX','RX ÖVRIGT',0,0,35),
	(854,53,'RX','RX7',0,0,36),
	(855,53,'121','121',1992,1995,37),
	(856,53,'121','121',1988,1991,38),
	(857,53,'MX-3','MX-3',0,0,39),
	(858,53,'Demio','DEMIO',0,0,40),
	(859,53,'929','929',1979,1991,41),
	(860,53,'929','929',1976,1978,42),
	(861,53,'929','929',1974,1975,43),
	(862,53,'2','2',2008,2016,44),
	(863,53,'2','2',2003,2007,45),
	(864,53,'Premacy','PREMACY',0,0,46),
	(865,53,'Xedos','XEDOS',0,0,47),
	(866,53,'5','5',2010,2016,48),
	(867,53,'5','5',2005,2010,49),
	(868,53,'E2000, E2200','E2000/E2200',0,0,50),
	(869,53,'MPV','MPV',0,0,51),
	(870,53,'BT-50','BT-50',0,0,52),
	(871,53,'Tribute','TRIBUTE',0,0,53),
	(872,53,'MX-6','MX-6',0,0,54),
	(873,53,'CX-7','CX-7',0,0,55),
	(874,53,'818','818',1973,1978,56),
	(875,53,'1300','1300',1970,1977,57),
	(876,53,'616, 618','616/618',1971,1974,58),
	(877,53,'1200','1200',0,0,59),
	(878,53,'CX-5','CX-5',0,0,60),
	(879,53,'CX-9','CX-9',0,0,61),
	(880,55,'E-Class, AMG (W210, W211, W212, C207) 95->>','MB E-KLASS',0,0,1),
	(881,55,'E-Class, AMG (W210, W211, W212, C207) 95->>','MB E-KLASS COUPÉ/CAB',0,0,2),
	(882,55,'E-Class, AMG (W210, W211, W212, C207) 95->>','MB E-KLASS',0,0,3),
	(883,55,'E-Class, AMG (W210, W211, W212, C207) 95->>','MB E-KLASS',0,0,4),
	(884,55,'E-Class, AMG (W210, W211, W212, C207) 95->>','MB E-CLASS AMG',0,0,5),
	(885,55,'E-Class, AMG (W210, W211, W212, C207) 95->>','MB E-CLASS AMG',0,0,6),
	(886,55,'E-Class, AMG (W210, W211, W212, C207) 95->>','MB E-CLASS AMG',0,0,7),
	(887,55,'C-Class, AMG (W202, W203, W204, W205)','MB C-KLASS',0,0,8),
	(888,55,'C-Class, AMG (W202, W203, W204, W205)','MB C-KLASS',0,0,9),
	(889,55,'C-Class, AMG (W202, W203, W204, W205)','MB C-KLASS',0,0,10),
	(890,55,'C-Class, AMG (W202, W203, W204, W205)','MB C-KLASS',0,0,11),
	(891,55,'C-Class, AMG (W202, W203, W204, W205)','MB C-CLASS AMG',0,0,12),
	(892,55,'C-Class, AMG (W202, W203, W204, W205)','MB C-CLASS AMG',0,0,13),
	(893,55,'C-Class, AMG (W202, W203, W204, W205)','MB C-CLASS AMG',0,0,14),
	(894,55,'E-Class (W124) 86-95','MB E-KLASS',0,0,15),
	(895,55,'Sprinter','MB SPRINTER',0,0,16),
	(896,55,'V-class Vito/Viano (W638, W639)','MB VITO/VIANO',0,0,18),
	(897,55,'V-class Vito/Viano (W638, W639)','MB VITO/VIANO',0,0,19),
	(898,55,'190 (W201) 82-93','MB 190',0,0,20),
	(899,55,'A-Class (W168, W169)','MB A-KLASS',0,0,21),
	(900,55,'A-Class (W168, W169)','MB A-KLASS',0,0,22),
	(901,55,'A-Class (W168, W169)','MB A-KLASS',0,0,23),
	(902,55,'ML-Class, AMG (W163, W164)','MB ML-KLASS',0,0,24),
	(903,55,'ML-Class, AMG (W163, W164)','MB ML-KLASS',0,0,25),
	(904,55,'ML-Class, AMG (W163, W164)','MB ML-KLASS',0,0,26),
	(905,55,'CLK-Class, AMG (W208, W209)','MB CLK-KLASS',0,0,27),
	(906,55,'CLK-Class, AMG (W208, W209)','MB CLK-KLASS',0,0,28),
	(907,55,'CLK-Class, AMG (W208, W209)','MB CLK-CLASS AMG',0,0,29),
	(908,55,'CLK-Class, AMG (W208, W209)','MB CLK-CLASS AMG',0,0,30),
	(909,55,'S-Class, AMG (W220, W221, W222) 99->>','MB S-KLASS',0,0,31),
	(910,55,'S-Class, AMG (W220, W221, W222) 99->>','MB S-KLASS',0,0,32),
	(911,55,'S-Class, AMG (W220, W221, W222) 99->>','MB S-CLASS AMG',0,0,33),
	(912,55,'200-300 (W123) 76-86','MB 200-300',0,0,34),
	(913,55,'S/CL300-600 (W140) 91-98','MB S/CL-KLASS',0,0,35),
	(914,55,'SLK-Class, AMG (R170, R171)','MB SLK-KLASS',0,0,36),
	(915,55,'SLK-Class, AMG (R170, R171)','MB SLK-KLASS',0,0,37),
	(916,55,'SLK-Class, AMG (R170, R171)','MB SLK-KLASS',0,0,38),
	(917,55,'SLK-Class, AMG (R170, R171)','MB SLK-CLASS AMG',0,0,39),
	(918,55,'280-560 (W126) 81-91','MB 280-560',0,0,40),
	(919,55,'SL-Class, AMG (R129, R230) 89->>','MB SL-KLASS',0,0,41),
	(920,55,'SL-Class, AMG (R129, R230) 89->>','MB SL-KLASS',0,0,42),
	(921,55,'SL-Class, AMG (R129, R230) 89->>','MB SL-CLASS AMG',0,0,43),
	(922,55,'B-Class (W245)','MB B-KLASS',0,0,44),
	(923,55,'B-Class (W245)','MB B-KLASS',0,0,45),
	(924,55,'207-310','MB 207-310',0,0,46),
	(925,55,'CL-Class, AMG (W215, W216)','MB CL-KLASS',0,0,47),
	(926,55,'CL-Class, AMG (W215, W216)','MB CL-KLASS',0,0,48),
	(927,55,'200-280 Compakt (W115) 68-76','MB COMPAKT',0,0,49),
	(928,55,'CLS-Class, AMG (W219)','MB CLS-KLASS',0,0,50),
	(929,55,'CLS-Class, AMG (W219)','MB CLS-KLASS',0,0,51),
	(930,55,'280-450 (W116) 73-80','MB 280-450',0,0,52),
	(931,55,'380-560SEC (W126) 81-91','MB 380-560SEC',0,0,53),
	(932,55,'Vaneo (W414)','MB VANEO',0,0,54),
	(933,55,'SL/SLC-Class (RC107) 71-89','MB SL/SLC',0,0,55),
	(934,55,'G Wagon (W460/461, W463)','MB G-KLASS',0,0,56),
	(935,55,'G Wagon (W460/461, W463)','MB G WAGEN',0,0,57),
	(936,55,'R-Class, AMG (W251)','MB R-KLASS',0,0,58),
	(937,55,'R-Class, AMG (W251)','MB R-CLASS AMG',0,0,59),
	(938,55,'190-230 (W110, W111) 61-68','MB 190-230',0,0,60),
	(939,55,'GLK-Class (X204)','MB GLK-KLASS',0,0,61),
	(940,55,'508','MB 508',0,0,62),
	(941,55,'Övriga Lastbilar','MB LAST',0,0,63),
	(942,55,'406-608','MB 406-608',0,0,64),
	(943,55,'250-280 C/CE (W114) 68-75','MB 250-280 C/CE',0,0,65),
	(944,55,'180-220 Ponton 53-60','MB 180-220',0,0,66),
	(945,55,'250-280 (W108) 66-72','MB 250-280',0,0,67),
	(946,55,'306','MB 306',0,0,68),
	(947,55,'GL-Class (X164, X166)','MB GL-KLASS',0,0,69),
	(948,55,'100 D','MB 100 D',0,0,70),
	(949,55,'230-280SL (R113) 63-71','MB 230-280SL',0,0,71),
	(950,55,'609','MB 609',0,0,72),
	(951,55,'300 SL (W198) 54-63','MB 300 SL',0,0,73),
	(952,55,'309','MB 309',0,0,74),
	(953,55,'SLR McLaren (C199)','MB SLR MCLAREN',0,0,75),
	(954,55,'206-307B+D 71-76','MB 206-307B+D',1971,1976,76),
	(955,55,'Citan','MB CITAN',0,0,77),
	(956,55,'CLC-Class (CL203)','MB CLC-KLASS',0,0,78),
	(957,55,'CLA-Class','MB CLA-KLASS',0,0,79),
	(958,56,'Villager','VILLAGER',0,0,1),
	(959,56,'Monterey','MONTEREY',0,0,2),
	(960,56,'Grand Marquis','GRAND MARQUIS',0,0,3),
	(961,56,'Mountaineer','MOUNTAINEER',0,0,4),
	(962,57,'ZR','ZR',0,0,1),
	(963,57,'MGF','F',0,0,2),
	(964,57,'ZT, ZT-T','ZT/ZT-T',0,0,3),
	(965,57,'TF','TF',0,0,4),
	(966,57,'ZS','ZS',0,0,5),
	(967,59,'One/Cooper R50/53','ONE/COOPER COUPE R50/53',2001,2006,1),
	(968,59,'One/Cooper Coupe R56','ONE/COOPER COUPE R56',2005,2016,2),
	(969,59,'One/Cooper Clubman R55','ONE/COOPER CLUBMAN R55',2006,2016,3),
	(970,59,'One/Cooper Cabrio R52','ONE/COOPER CABRIO R52',2002,2008,4),
	(971,59,'Cooper Countryman R60','COOPER COUNTRYMAN R60',2011,2016,5),
	(972,59,'One/Cooper R57','ONE/COOPER CABRIO R57',2007,2016,6),
	(973,59,'Cooper Roadster R59','COOPER ROADSTER R59',2011,2016,7),
	(974,59,'Cooper Coupe R58','COOPER COUPE R58',2010,2016,8),
	(975,60,'Galant','GALANT',1997,2003,1),
	(976,60,'Galant','GALANT',1993,1996,2),
	(977,60,'Galant','GALANT',1988,1992,3),
	(978,60,'Galant','GALANT',1985,1987,4),
	(979,60,'Galant','GALANT',1977,1984,5),
	(980,60,'Lancer','LANCER',2007,2016,6),
	(981,60,'Lancer','LANCER',2003,2007,7),
	(982,60,'Lancer','LANCER',1997,2003,8),
	(983,60,'Lancer','LANCER',1993,1996,9),
	(984,60,'Lancer','LANCER',1989,1992,10),
	(985,60,'Lancer','LANCER',1984,1988,11),
	(986,60,'Lancer','LANCER',1981,1983,12),
	(987,60,'Lancer','LANCER EVOLUTION',0,0,13),
	(988,60,'L200, L300, L400 Space Gear','L200',2006,2016,14),
	(989,60,'L200, L300, L400 Space Gear','L200',1996,2006,15),
	(990,60,'L200, L300, L400 Space Gear','L200',1990,1996,16),
	(991,60,'L200, L300, L400 Space Gear','L300, COSMOS',0,0,17),
	(992,60,'L200, L300, L400 Space Gear','L400, SPACE GEAR',0,0,18),
	(993,60,'Colt','COLT',2009,2016,19),
	(994,60,'Colt','COLT',2004,2008,20),
	(995,60,'Colt','COLT',1996,2004,21),
	(996,60,'Colt','COLT',1992,1996,22),
	(997,60,'Colt','COLT',1989,1992,23),
	(998,60,'Colt','COLT',1984,1988,24),
	(999,60,'Colt','COLT',1981,1983,25),
	(1000,60,'Pajero','PAJERO',2007,2016,26),
	(1001,60,'Pajero','PAJERO',2003,2006,27),
	(1002,60,'Pajero','PAJERO',1996,2002,28),
	(1003,60,'Pajero','PAJERO',1991,1995,29),
	(1004,60,'Pajero','PAJERO',1984,1990,30),
	(1005,60,'Carisma','CARISMA',2000,2004,31),
	(1006,60,'Carisma','CARISMA',1996,1999,32),
	(1007,60,'Space Wagon','SPACE WAGON',1999,2004,33),
	(1008,60,'Space Wagon','SPACE WAGON',1992,1998,34),
	(1009,60,'Space Wagon','SPACE WAGON',1984,1991,35),
	(1010,60,'Space Star','SPACE STAR',2013,2016,36),
	(1011,60,'Space Star','SPACE STAR',1998,2005,37),
	(1012,60,'Outlander','OUTLANDER',2013,2016,38),
	(1013,60,'Outlander','OUTLANDER',2007,2012,39),
	(1014,60,'Outlander','OUTLANDER',2001,2007,40),
	(1015,60,'Eclipse','ECLIPSE',0,0,41),
	(1016,60,'3000','3000 GT',0,0,42),
	(1017,60,'Space Runner','SPACE RUNNER',0,0,43),
	(1018,60,'Grandis','GRANDIS',0,0,44),
	(1019,60,'Sigma','SIGMA',1991,1995,45),
	(1020,60,'Canter','CANTER',1990,2016,46),
	(1021,60,'Canter','CANTER',1986,1990,47),
	(1022,60,'Tredia','TREDIA',1983,1987,48),
	(1023,60,'ASX','ASX',0,0,49),
	(1024,60,'Starion','STARION',0,0,50),
	(1025,60,'Eagle Talon','EAGLE TALON',0,0,51),
	(1026,60,'Sapporo','SAPPORO',0,0,52),
	(1027,60,'Cordia','CORDIA',0,0,53),
	(1028,60,'Delica','DELICA',0,0,54),
	(1029,60,'Montero','MONTERO',0,0,55),
	(1030,61,'Marina','MARINA',0,0,1),
	(1031,62,'King Cab, PickUp, Navara','NAVARA',2005,2016,1),
	(1032,62,'King Cab, PickUp, Navara','KING CAB, NAVARA',1998,2005,2),
	(1033,62,'King Cab, PickUp, Navara','KING CAB',1984,1998,3),
	(1034,62,'Primera','PRIMERA',2002,2016,4),
	(1035,62,'Primera','PRIMERA',2000,2001,5),
	(1036,62,'Primera','PRIMERA',1997,1999,6),
	(1037,62,'Primera','PRIMERA',1991,1996,7),
	(1038,62,'Micra','MICRA',2011,2016,8),
	(1039,62,'Micra','MICRA',2008,2010,9),
	(1040,62,'Micra','MICRA',2003,2007,10),
	(1041,62,'Micra','MICRA',1999,2002,11),
	(1042,62,'Micra','MICRA',1993,1998,12),
	(1043,62,'Micra','MICRA',1983,1992,13),
	(1044,62,'Micra','MICRA C+C',0,0,14),
	(1045,62,'Almera','ALMERA',2000,2006,15),
	(1046,62,'Almera','ALMERA',1996,2000,16),
	(1047,62,'Almera','ALMERA TINO',0,0,17),
	(1048,62,'Sunny','SUNNY',1995,2002,18),
	(1049,62,'Sunny','SUNNY',1991,1995,19),
	(1050,62,'Sunny','SUNNY',1987,1991,20),
	(1051,62,'Sunny','SUNNY',1984,1986,21),
	(1052,62,'Sunny','SUNNY',1979,1983,22),
	(1053,62,'180SX/200SX/240SX/Silvia','200 SX',0,0,23),
	(1054,62,'180SX/200SX/240SX/Silvia','SILVIA',0,0,24),
	(1055,62,'Qashqai, Qashqai+2','QASHQAI',2014,2016,25),
	(1056,62,'Qashqai, Qashqai+2','QASHQAI',2010,2014,26),
	(1057,62,'Qashqai, Qashqai+2','QASHQAI+2',2010,2014,27),
	(1058,62,'Qashqai, Qashqai+2','QASHQAI+2',2008,2010,28),
	(1059,62,'Qashqai, Qashqai+2','QASHQAI',2007,2010,29),
	(1060,62,'Terrano','TERRANO',0,0,30),
	(1061,62,'X-Trail','X-TRAIL',2014,2016,31),
	(1062,62,'X-Trail','X-TRAIL',2008,2014,32),
	(1063,62,'X-Trail','X-TRAIL',2001,2007,33),
	(1064,62,'Maxima','MAXIMA',2000,2004,34),
	(1065,62,'Maxima','MAXIMA',1995,2000,35),
	(1066,62,'Maxima','MAXIMA',1989,1994,36),
	(1067,62,'Bluebird','BLUEBIRD',1987,1990,37),
	(1068,62,'Bluebird','BLUEBIRD',1985,1986,38),
	(1069,62,'Bluebird','BLUEBIRD',1980,1984,39),
	(1070,62,'Primastar','PRIMASTAR',0,0,40),
	(1071,62,'Kubistar','KUBISTAR',0,0,41),
	(1072,62,'Patrol','PATROL',0,0,42),
	(1073,62,'240ZX, 280ZX, 300ZX','240ZX 280ZX 300 ZX',0,0,43),
	(1074,62,'Note','NOTE',0,0,44),
	(1075,62,'Note','NOTE',0,0,45),
	(1076,62,'Skyline','SKYLINE',0,0,46),
	(1077,62,'Serena','SERENA CARGO',0,0,47),
	(1078,62,'Cherry','CHERRY N12',1982,1986,48),
	(1079,62,'Cherry','CHERRY N10',1979,1982,49),
	(1080,62,'Interstar','INTERSTAR',0,0,50),
	(1081,62,'Prairie','PRAIRIE',0,0,51),
	(1082,62,'NX','100 NX',0,0,52),
	(1083,62,'240Z, 260Z, 280Z, 350Z','350Z',0,0,53),
	(1084,62,'Murano','MURANO',2009,2016,54),
	(1085,62,'Murano','MURANO',2002,2008,55),
	(1086,62,'Stanza','STANZA',0,0,56),
	(1087,62,'Pathfinder','PATHFINDER R52',2013,2016,57),
	(1088,62,'Pathfinder','PATHFINDER R51',2005,2012,58),
	(1089,62,'Pathfinder','PATHFINDER R50',1996,2005,59),
	(1090,62,'Vanette','VANETTE',0,0,60),
	(1091,62,'NV200','NV200',0,0,61),
	(1092,62,'180 ZX','180 ZX',0,0,62),
	(1093,62,'Urvan/King Van','URVAN/KING VAN',0,0,63),
	(1094,62,'Juke','JUKE',2010,2014,64),
	(1095,62,'Titan','TITAN',0,0,65),
	(1096,62,'Laurel','LAUREL',0,0,66),
	(1097,62,'NP300','NP300',0,0,67),
	(1098,62,'GT-R','GT-R',0,0,68),
	(1099,62,'Altima','ALTIMA',0,0,69),
	(1100,62,'Cabstar','CAB STAR',0,0,70),
	(1101,62,'Quest','QUEST',0,0,71),
	(1102,62,'Cedric','CEDRIC',0,0,72),
	(1103,62,'ECO T100','ECO T100',0,0,73),
	(1104,62,'Pixo','PIXO',0,0,74),
	(1105,62,'Xterra','XTERRA',0,0,75),
	(1106,62,'Frontier','FRONTIER',0,0,76),
	(1107,62,'NV400','NV400',0,0,77),
	(1108,62,'Tiida','TIIDA',0,0,78),
	(1109,62,'Atleon','ATLEON',0,0,79),
	(1110,62,'370Z','370Z',0,0,80),
	(1111,62,'Leaf','LEAF',0,0,81),
	(1112,62,'Armada','ARMADA',0,0,82),
	(1113,63,'4L/1000','4L/1000',0,0,1),
	(1114,63,'RO 80','RO 80',1966,1973,2),
	(1115,64,'Cutlass','CUTLASS',0,0,1),
	(1116,64,'Custom Cruiser','CUSTOM CRUISER',0,0,2),
	(1117,64,'Delta','DELTA',0,0,3),
	(1118,64,'Toronado','TORONADO',0,0,4),
	(1119,64,'88','88',0,0,5),
	(1120,64,'Ciera','CIERA',0,0,6),
	(1121,64,'98','98',0,0,7),
	(1122,65,'Astra','ASTRA J',2010,2016,1),
	(1123,65,'Astra','ASTRA H',2004,2012,2),
	(1124,65,'Astra','ASTRA G',1998,2003,3),
	(1125,65,'Astra','ASTRA F',1992,1998,4),
	(1126,65,'Vectra','VECTRA C',2006,2008,5),
	(1127,65,'Vectra','VECTRA C',2002,2005,6),
	(1128,65,'Vectra','VECTRA B',1996,2001,7),
	(1129,65,'Vectra','VECTRA A',1989,1995,8),
	(1130,65,'Omega','OMEGA B',2000,2003,9),
	(1131,65,'Omega','OMEGA B',1994,1999,10),
	(1132,65,'Omega','OMEGA A',1991,1993,11),
	(1133,65,'Omega','OMEGA A',1987,1990,12),
	(1134,65,'Corsa','CORSA D',2007,2014,13),
	(1135,65,'Corsa','CORSA C',2000,2006,14),
	(1136,65,'Corsa','CORSA B',1993,2000,15),
	(1137,65,'Corsa','CORSA A',1983,1992,16),
	(1138,65,'Zafira','ZAFIRA C',2012,2016,17),
	(1139,65,'Zafira','ZAFIRA B',2006,2011,18),
	(1140,65,'Zafira','ZAFIRA A',1999,2005,19),
	(1141,65,'Kadett','KADETT E',1985,1991,20),
	(1142,65,'Kadett','KADETT D',1980,1984,21),
	(1143,65,'Kadett','KADETT C',1978,1979,22),
	(1144,65,'Kadett','KADETT C',1974,1977,23),
	(1145,65,'Kadett','KADETT B',1965,1973,24),
	(1146,65,'Kadett','KADETT A',1962,1965,25),
	(1147,65,'Combo','COMBO',2002,2016,26),
	(1148,65,'Combo','COMBO',1993,2001,27),
	(1149,65,'Frontera','FRONTERA B',1998,2003,28),
	(1150,65,'Frontera','FRONTERA A',1992,1998,29),
	(1151,65,'Rekord','REKORD E',1983,1986,30),
	(1152,65,'Rekord','REKORD E',1978,1982,31),
	(1153,65,'Rekord','REKORD D',1972,1977,32),
	(1154,65,'Rekord','REKORD C',1967,1971,33),
	(1155,65,'Rekord','REKORD A',1963,1965,34),
	(1156,65,'Rekord','REKORD PI, PII',1957,1963,35),
	(1157,65,'Rekord','REKORD B 66',0,0,36),
	(1158,65,'Vivaro','VIVARO',2015,2016,37),
	(1159,65,'Vivaro','VIVARO',2001,2014,38),
	(1160,65,'Ascona','ASCONA C',1982,1988,39),
	(1161,65,'Ascona','ASCONA B',1976,1981,40),
	(1162,65,'Ascona','ASCONA A',1971,1975,41),
	(1163,65,'Calibra','CALIBRA',1990,1997,42),
	(1164,65,'Tigra','TIGRA',0,0,43),
	(1165,65,'Meriva','MERIVA B',2010,2016,44),
	(1166,65,'Meriva','MERIVA A',2003,2010,45),
	(1167,65,'Agila','AGILA B',2008,2016,46),
	(1168,65,'Agila','AGILA A',2001,2007,47),
	(1169,65,'Sintra','SINTRA',0,0,48),
	(1170,65,'Manta','MANTA B',1976,1988,49),
	(1171,65,'Manta','MANTA A',1971,1975,50),
	(1172,65,'Campo','CAMPO',0,0,51),
	(1173,65,'Movano','MOVANO B',2010,2016,52),
	(1174,65,'Movano','MOVANO A',1999,2010,53),
	(1175,65,'Insignia','INSIGNIA',0,0,54),
	(1176,65,'Commodore','COMMODORE C',1978,1982,55),
	(1177,65,'Commodore','COMMODORE B',1972,1977,56),
	(1178,65,'Commodore','COMMODORE A',1967,1971,57),
	(1179,65,'Senator/Monza','SENATOR/MONZA',0,0,58),
	(1180,65,'Monterey','MONTEREY B',1998,2000,59),
	(1181,65,'Monterey','MONTEREY A',1991,1998,60),
	(1182,65,'Signum','SIGNUM',0,0,61),
	(1183,65,'Speedster','SPEEDSTER',0,0,62),
	(1184,65,'Antara','ANTARA',0,0,63),
	(1185,65,'Admiral','ADMIRAL',0,0,64),
	(1186,65,'Kapitän','KAPITÄN',0,0,65),
	(1187,65,'GT','GT',0,0,66),
	(1188,65,'Diplomat','DIPLOMAT',0,0,67),
	(1189,65,'Olympia Rekord','OLYMPIA REKORD',0,0,68),
	(1190,65,'Ampera','AMPERA',0,0,69),
	(1191,65,'Mokka','MOKKA',0,0,70),
	(1192,65,'Adam','ADAM',0,0,71),
	(1193,66,'Snöskoter','SNÖSKOTER YAMAHA',0,0,1),
	(1194,66,'Snöskoter','SNÖSKOTER SKI-DOO',0,0,2),
	(1195,66,'Snöskoter','SNÖSKOTER OCKELBO',0,0,3),
	(1196,66,'Snöskoter','SNÖSKOTER LYNX',0,0,4),
	(1197,66,'Snöskoter','SNÖSKOTER ÖVRIGT',0,0,5),
	(1198,66,'Snöskoter','SNÖSKOTER POLARIS',0,0,6),
	(1199,66,'Snöskoter','SNÖSKOTER ARCTIC CAT',0,0,7),
	(1200,66,'Däck','VINTERDÄCK ODUBBAT',0,0,8),
	(1201,66,'Däck','VINTERDÄCK',0,0,9),
	(1202,66,'Däck','SOMMARDÄCK',0,0,10),
	(1203,66,'Motorcykel','MC KTM',0,0,11),
	(1204,66,'Motorcykel','MC PIAGGIO',0,0,12),
	(1205,66,'Motorcykel','MC HUSQVARNA',0,0,13),
	(1206,66,'Motorcykel','MC HYOSUNG',0,0,14),
	(1207,66,'Motorcykel','MC SUZUKI',0,0,15),
	(1208,66,'Motorcykel','MC BMW',0,0,16),
	(1209,66,'Motorcykel','MC DUCATI',0,0,17),
	(1210,66,'Motorcykel','MC HONDA',0,0,18),
	(1211,66,'Motorcykel','MC BUELL',0,0,19),
	(1212,66,'Motorcykel','MC KYMCO',0,0,20),
	(1213,66,'Motorcykel','MC CAGIVA',0,0,21),
	(1214,66,'Motorcykel','MC TRIUMPH',0,0,22),
	(1215,66,'Motorcykel','MC APRILIA',0,0,23),
	(1216,66,'Motorcykel','MC HARLEY-DAVIDSON',0,0,24),
	(1217,66,'Motorcykel','MC YAMAHA',0,0,25),
	(1218,66,'Motorcykel','MC ÖVRIGT',0,0,26),
	(1219,66,'Motorcykel','MC PEUGEOT',0,0,27),
	(1220,66,'Motorcykel','MC KAWASAKI',0,0,28),
	(1221,66,'Husvagn/Husbil','HUSBIL ARCA',0,0,29),
	(1222,66,'Husvagn/Husbil','HUSVAGN HOBBY',0,0,30),
	(1223,66,'Husvagn/Husbil','HUSVAGN SOLIFER',0,0,31),
	(1224,66,'Husvagn/Husbil','HUSVAGN CABBY',0,0,32),
	(1225,66,'Husvagn/Husbil','HUSBIL SWIFT',0,0,33),
	(1226,66,'Husvagn/Husbil','HUSVAGN DELTA',0,0,34),
	(1227,66,'Husvagn/Husbil','HUSBIL ELNAGH',0,0,35),
	(1228,66,'Husvagn/Husbil','HUSVAGN DETHLEFFS',0,0,36),
	(1229,66,'Husvagn/Husbil','HUSVAGN MONZA',0,0,37),
	(1230,66,'Husvagn/Husbil','HUSVAGN WILK',0,0,38),
	(1231,66,'Husvagn/Husbil','HUSVAGN SMÅLANDSVAGNEN',0,0,39),
	(1232,66,'Husvagn/Husbil','HUSVAGN ERIBA',0,0,40),
	(1233,66,'Husvagn/Husbil','HUSVAGN CAVALIER',0,0,41),
	(1234,66,'Husvagn/Husbil','HUSBIL ELDDIS',0,0,42),
	(1235,66,'Husvagn/Husbil','HUSVAGN SMW',0,0,43),
	(1236,66,'Husvagn/Husbil','HUSVAGN SEESTERN',0,0,44),
	(1237,66,'Husvagn/Husbil','HUSBIL RIMOR',0,0,45),
	(1238,66,'Husvagn/Husbil','HUSBIL KABE',0,0,46),
	(1239,66,'Husvagn/Husbil','HUSVAGN FJÄLLVAGNEN',0,0,47),
	(1240,66,'Husvagn/Husbil','HUSBILAR ÖVRIGT',0,0,48),
	(1241,66,'Husvagn/Husbil','HUSVAGN SÄVSJÖ',0,0,49),
	(1242,66,'Husvagn/Husbil','HUSVAGN LMC',0,0,50),
	(1243,66,'Husvagn/Husbil','HUSVAGN ABBEY',0,0,51),
	(1244,66,'Husvagn/Husbil','HUSBIL CABBY',0,0,52),
	(1245,66,'Husvagn/Husbil','HUSBIL BÜRSTNER',0,0,53),
	(1246,66,'Husvagn/Husbil','HUSVAGN KABE',0,0,54),
	(1247,66,'Husvagn/Husbil','HUSBIL MCLOUIS',0,0,55),
	(1248,66,'Husvagn/Husbil','HUSVAGN POLAR',0,0,56),
	(1249,66,'Husvagn/Husbil','HUSBIL PILOTE',0,0,57),
	(1250,66,'Husvagn/Husbil','HUSBIL ADRIA',0,0,58),
	(1251,66,'Husvagn/Husbil','HUSBIL TABBERT',0,0,59),
	(1252,66,'Husvagn/Husbil','HUSVAGN TABBERT',0,0,60),
	(1253,66,'Husvagn/Husbil','HUSVAGN TEC',0,0,61),
	(1254,66,'Husvagn/Husbil','HUSBIL HOBBY',0,0,62),
	(1255,66,'Husvagn/Husbil','HUSBIL DETHLEFFS',0,0,63),
	(1256,66,'Husvagn/Husbil','HUSBIL CHAUSSON',0,0,64),
	(1257,66,'Husvagn/Husbil','HUSVAGNAR ÖVRIGT',0,0,65),
	(1258,66,'Husvagn/Husbil','HUSBIL CI CIPRO GARAGE',0,0,66),
	(1259,66,'Husvagn/Husbil','HUSVAGN KNAUS',0,0,67),
	(1260,66,'Husvagn/Husbil','HUSVAGN HOME CAR',0,0,68),
	(1261,66,'Husvagn/Husbil','HUSVAGN EUROPA',0,0,69),
	(1262,66,'Husvagn/Husbil','HUSBIL KNAUS',0,0,70),
	(1263,66,'Husvagn/Husbil','HUSVAGN BJÖLSETH',0,0,71),
	(1264,66,'Husvagn/Husbil','HUSBIL WEINSBERG',0,0,72),
	(1265,66,'Husvagn/Husbil','HUSBIL SOLIFER',0,0,73),
	(1266,66,'Husvagn/Husbil','HUSBIL EURA MOBIL',0,0,74),
	(1267,66,'Husvagn/Husbil','HUSVAGN ADRIA',0,0,75),
	(1268,66,'Husvagn/Husbil','HUSVAGN SPRITE',0,0,76),
	(1269,66,'Husvagn/Husbil','HUSVAGN SMÅLANDIA',0,0,77),
	(1270,66,'Husvagn/Husbil','HUSVAGN STING',0,0,78),
	(1271,66,'Husvagn/Husbil','HUSVAGN BÜRSTNER',0,0,79),
	(1272,66,'Husvagn/Husbil','HUSVAGN ÖGGESTORP',0,0,80),
	(1273,66,'Husvagn/Husbil','HUSBIL HYMER',0,0,81),
	(1274,66,'Husvagn/Husbil','HUSVAGN KIP',0,0,82),
	(1275,66,'Lastbil','BUSS',0,0,83),
	(1276,66,'Lastbil','LB MERCEDES',0,0,84),
	(1277,66,'Lastbil','LASTBILAR ÖVER 3.5TON',0,0,85),
	(1278,66,'Lastbil','LB MAN',0,0,86),
	(1279,66,'Lastbil','LB VOLVO',0,0,87),
	(1280,66,'Lastbil','LB SCANIA',0,0,88),
	(1281,66,'Lastbil','LB DAF',0,0,89),
	(1282,66,'Lastbil','LB IVECO',0,0,90),
	(1283,66,'EU-Moped','EU MOPED LINGBEN',0,0,91),
	(1284,66,'EU-Moped','EU MOPED ORION',0,0,92),
	(1285,66,'EU-Moped','EU MOPED YIYING',0,0,93),
	(1286,66,'EU-Moped','EU MOPED ZHEJIANG',0,0,94),
	(1287,66,'EU-Moped','EU MOPED ÖVRIGT',0,0,95),
	(1288,66,'EU-Moped','EU MOPED TMS',0,0,96),
	(1289,66,'Biltillbehör','BILTILLBEHÖR',0,0,97),
	(1290,66,'Släp','SLÄP TUNGT > 3.5TON',0,0,98),
	(1291,66,'Släp','SLÄP LÄTT',0,0,99),
	(1292,66,'ATV Fyrhjuling','ATV SUZUKI',0,0,100),
	(1293,66,'ATV Fyrhjuling','ATV ÖVRIGT',0,0,101),
	(1294,66,'ATV Fyrhjuling','ATV KAWASAKI',0,0,102),
	(1295,66,'ATV Fyrhjuling','ATV MASSEY-FERGUSON',0,0,103),
	(1296,66,'ATV Fyrhjuling','ATV ARCTIC CAT',0,0,104),
	(1297,66,'Personbilar','ÖVRIGT FRANKRIKE',0,0,105),
	(1298,66,'Personbilar','ÖVRIGT KINA',0,0,106),
	(1299,66,'Personbilar','ÖVRIGT TYSKLAND',0,0,107),
	(1300,66,'Personbilar','ÖVRIGT PERSONBILAR',0,0,108),
	(1301,66,'Personbilar','ÖVRIGT ITALIEN',0,0,109),
	(1302,66,'Personbilar','EJ KODAD',0,0,110),
	(1303,66,'Personbilar','ÖVRIGT USA',0,0,111),
	(1304,66,'Personbilar','ÖVRIGT JAPAN',0,0,112),
	(1305,66,'Personbilar','ÖVRIGT RYSSLAND',0,0,113),
	(1306,66,'Personbilar','ÖVRIGT ENGLAND',0,0,114),
	(1307,66,'Traktor','TRAKTOR MASSEY-FERGUSON',0,0,115),
	(1308,66,'Traktor','TRAKTOR',0,0,116),
	(1309,66,'Traktor','TRAKTOR CASE',0,0,117),
	(1310,66,'Traktor','TRAKTOR FORD',0,0,118),
	(1311,66,'Traktor','TRAKTOR VALMET/VOLVO BM',0,0,119),
	(1312,66,'Entreprenadmaskiner','ENTREPRENADMASKINER',0,0,120),
	(1313,67,'406','406',1999,2004,1),
	(1314,67,'406','406',1996,1999,2),
	(1315,67,'307','307',2005,2008,3),
	(1316,67,'307','307',2001,2005,4),
	(1317,67,'206, 206+','206+',2010,2016,5),
	(1318,67,'206, 206+','206',1998,2009,6),
	(1319,67,'Partner','PARTNER',2008,2016,7),
	(1320,67,'Partner','PARTNER',2003,2008,8),
	(1321,67,'Partner','PARTNER',1996,2002,9),
	(1322,67,'407','407',0,0,10),
	(1323,67,'306','306',0,0,11),
	(1324,67,'Boxer','BOXER',2007,2016,12),
	(1325,67,'Boxer','BOXER',2002,2006,13),
	(1326,67,'Boxer','BOXER',1994,2002,14),
	(1327,67,'405','405',0,0,15),
	(1328,67,'605','605',0,0,16),
	(1329,67,'Expert','EXPERT',2007,2016,17),
	(1330,67,'Expert','EXPERT',1995,2007,18),
	(1331,67,'205','205',0,0,19),
	(1332,67,'607','607',0,0,20),
	(1333,67,'207','207',0,0,21),
	(1334,67,'106','106',1996,2003,22),
	(1335,67,'106','106',1992,1995,23),
	(1336,67,'308','308',2014,2016,24),
	(1337,67,'308','308',2009,2013,25),
	(1338,67,'309','309',0,0,26),
	(1339,67,'J5','J5',0,0,27),
	(1340,67,'107','107',0,0,28),
	(1341,67,'505','505',0,0,29),
	(1342,67,'807','807',0,0,30),
	(1343,67,'806','806',0,0,31),
	(1344,67,'1007','1007',0,0,32),
	(1345,67,'305','305',0,0,33),
	(1346,67,'504','504',0,0,34),
	(1347,67,'3008','3008',0,0,35),
	(1348,67,'508','508',0,0,36),
	(1349,67,'104','104',0,0,37),
	(1350,67,'Bipper','BIPPER',0,0,38),
	(1351,67,'5008','5008',0,0,39),
	(1352,67,'304','304',0,0,40),
	(1353,67,'604','604',0,0,41),
	(1354,67,'208','208',0,0,42),
	(1355,67,'4007','4007',0,0,43),
	(1356,67,'204','204',0,0,44),
	(1357,67,'RCZ','RCZ',0,0,45),
	(1358,67,'404','404',0,0,46),
	(1359,67,'4008','4008',0,0,47),
	(1360,67,'2008','2008',2013,2016,48),
	(1361,68,'Porter','PORTER',0,0,1),
	(1362,69,'Voyager','VOYAGER',0,0,1),
	(1363,69,'Valiant','VALIANT',0,0,2),
	(1364,69,'Volare','VOLARE',0,0,3),
	(1365,69,'Barracuda','BARRACUDA',0,0,4),
	(1366,69,'Grand Voyager','GRAND VOYAGER',0,0,5),
	(1367,69,'Neon','NEON',0,0,6),
	(1368,69,'Belvedere','BELVEDERE',0,0,7),
	(1369,69,'Satellite','SATELLITE',0,0,8),
	(1370,70,'Trans Sport','TRANS SPORT',0,0,1),
	(1371,70,'Firebird','FIREBIRD',0,0,2),
	(1372,70,'Bonneville','BONNEVILLE',0,0,3),
	(1373,70,'Grand Prix','GRAND PRIX',0,0,4),
	(1374,70,'Trans Am','TRANS AM',0,0,5),
	(1375,70,'Fiero','FIERO',0,0,6),
	(1376,70,'GTO','GTO',0,0,7),
	(1377,70,'Grand Am','GRAND AM',0,0,8),
	(1378,70,'Le Mans','LE MANS',0,0,9),
	(1379,70,'Montana','MONTANA',0,0,10),
	(1380,70,'Star Chief','STAR CHIEF',0,0,11),
	(1381,71,'944','944',0,0,1),
	(1382,71,'911','911',0,0,2),
	(1383,71,'928','928',0,0,3),
	(1384,71,'Boxster','BOXSTER',0,0,4),
	(1385,71,'924','924',0,0,5),
	(1386,71,'Cayenne','CAYENNE',0,0,6),
	(1387,71,'996','996',0,0,7),
	(1388,71,'Cayman','CAYMAN',0,0,8),
	(1389,71,'968','968',0,0,9),
	(1390,71,'356','356',0,0,10),
	(1391,71,'997','997',0,0,11),
	(1392,71,'912','912',0,0,12),
	(1393,71,'914','914',0,0,13),
	(1394,71,'Panamera','PANAMERA',0,0,14),
	(1395,72,'Mégane, Mégane Scénic','MÉGANE III',2009,2016,1),
	(1396,72,'Mégane, Mégane Scénic','MÉGANE II',2006,2008,2),
	(1397,72,'Mégane, Mégane Scénic','MÉGANE II',2003,2005,3),
	(1398,72,'Mégane, Mégane Scénic','MÉGANE I',1999,2003,4),
	(1399,72,'Mégane, Mégane Scénic','MÉGANE I / SCÉNIC',1996,1999,5),
	(1400,72,'Clio','CLIO IV',2012,2016,6),
	(1401,72,'Clio','CLIO III',2009,2012,7),
	(1402,72,'Clio','CLIO III',2006,2009,8),
	(1403,72,'Clio','CLIO II',2001,2008,9),
	(1404,72,'Clio','CLIO II',1999,2001,10),
	(1405,72,'Clio','CLIO I',1997,1998,11),
	(1406,72,'Clio','CLIO I',1991,1996,12),
	(1407,72,'Laguna','LAGUNA III',2011,2016,13),
	(1408,72,'Laguna','LAGUNA III',2008,2010,14),
	(1409,72,'Laguna','LAGUNA II',2005,2007,15),
	(1410,72,'Laguna','LAGUNA II',2001,2005,16),
	(1411,72,'Laguna','LAGUNA I',1994,2000,17),
	(1412,72,'Kangoo','KANGOO II',2008,2016,18),
	(1413,72,'Kangoo','KANGOO I',2003,2008,19),
	(1414,72,'Kangoo','KANGOO I',1998,2003,20),
	(1415,72,'Scénic, Grand Scénic','SCÉNIC III /GRAND SCÉNIC',2009,2016,21),
	(1416,72,'Scénic, Grand Scénic','SCÉNIC II /GRAND SCÉNIC',2007,2009,22),
	(1417,72,'Scénic, Grand Scénic','SCÉNIC II /GRAND SCÉNIC',2003,2006,23),
	(1418,72,'Scénic, Grand Scénic','SCÉNIC I',1999,2003,24),
	(1419,72,'Scénic, Grand Scénic','SCÉNIC RX4',0,0,25),
	(1420,72,'Master','MASTER III',2010,2016,26),
	(1421,72,'Master','MASTER II',2004,2010,27),
	(1422,72,'Master','MASTER II',1998,2003,28),
	(1423,72,'Master','MASTER I',1981,1997,29),
	(1424,72,'Trafic','TRAFIC',2015,2016,30),
	(1425,72,'Trafic','TRAFIC',2002,2014,31),
	(1426,72,'Trafic','TRAFIC',1980,2002,32),
	(1427,72,'Espace, Grand Espace','ESPACE/GRAND ESPACE',2004,2014,33),
	(1428,72,'Espace, Grand Espace','ESPACE',1997,2003,34),
	(1429,72,'Espace, Grand Espace','ESPACE',1992,1996,35),
	(1430,72,'19','19',1990,1996,36),
	(1431,72,'Twingo','TWINGO II',2007,2016,37),
	(1432,72,'Twingo','TWINGO I',1999,2006,38),
	(1433,72,'Twingo','TWINGO I',1994,1998,39),
	(1434,72,'5','5',1973,1990,40),
	(1435,72,'Modus, Grand Modus','GRAND MODUS',0,0,41),
	(1436,72,'Modus, Grand Modus','MODUS',0,0,42),
	(1437,72,'Express','EXPRESS',0,0,43),
	(1438,72,'18','18',1979,1982,44),
	(1439,72,'14','14',0,0,45),
	(1440,72,'12','12',1970,1979,46),
	(1441,72,'Koleos','KOLEOS',0,0,47),
	(1442,72,'4','4',1965,1982,48),
	(1443,72,'20','20',1976,1982,49),
	(1444,72,'16','16',1965,1978,50),
	(1445,72,'Safrane','SAFRANE',0,0,51),
	(1446,72,'30','30',1976,1981,52),
	(1447,72,'6','6',1970,1973,53),
	(1448,72,'Mascott','MASCOTT',0,0,54),
	(1449,72,'Avantime','AVANTIME',0,0,55),
	(1450,72,'21 Medallion','21 MEDALLION',0,0,56),
	(1451,72,'17','17',0,0,57),
	(1452,72,'11','11',0,0,58),
	(1453,72,'9','9',0,0,59),
	(1454,72,'Dauphine','DAUPHINE',0,0,60),
	(1455,72,'Vel Satis','VEL SATIS',0,0,61),
	(1456,72,'Captur','CAPTUR',0,0,62),
	(1457,72,'25','25',0,0,63),
	(1458,72,'Wind','WIND',0,0,64),
	(1459,74,'75','75',0,0,1),
	(1460,74,'214, 216, 220','214/216/220',0,0,2),
	(1461,74,'414, 416, 420','414/416/420',0,0,3),
	(1462,74,'620','620',0,0,4),
	(1463,74,'45','45',0,0,5),
	(1464,74,'Range Rover','RANGE',0,0,6),
	(1465,74,'25','25',0,0,7),
	(1466,74,'820, 825, 827','820/825/827',0,0,8),
	(1467,74,'Streetwise','STREETWISE',0,0,9),
	(1468,74,'Mini Cooper','MINI COOPER',1991,1999,10),
	(1469,74,'Land Rover','LAND',0,0,11),
	(1470,74,'P6 2000-3500','P6 2000-3500',0,0,12),
	(1471,74,'MGF','MGF',0,0,13),
	(1472,74,'Metro 111/114 90-98','METRO 111/114',1990,1998,14),
	(1473,75,'9-5','9-5',2010,2016,1),
	(1474,75,'9-5','9-5',2006,2010,2),
	(1475,75,'9-5','9-5',1998,2005,3),
	(1476,75,'9-3','9-3 VER2',2008,2016,4),
	(1477,75,'9-3','9-3 VER2',2003,2007,5),
	(1478,75,'9-3','9-3 VER1',1998,2005,6),
	(1479,75,'9000','9000 CS',1992,1998,7),
	(1480,75,'9000','9000 CD',1988,1998,8),
	(1481,75,'9000','9000 CC',1985,1993,9),
	(1482,75,'900','900',1994,1998,10),
	(1483,75,'900','900',1989,1993,11),
	(1484,75,'900','900',1987,1988,12),
	(1485,75,'900','900 CD',1983,1998,13),
	(1486,75,'900','900',1981,1986,14),
	(1487,75,'900','900',1979,1980,15),
	(1488,75,'99 69-84','99',1981,1984,16),
	(1489,75,'99 69-84','99',1978,1980,17),
	(1490,75,'99 69-84','99',1972,1977,18),
	(1491,75,'99 69-84','99',1969,1971,19),
	(1492,75,'95/96 59-80','95/96',1959,1980,20),
	(1493,75,'90 84-87','90',1984,1987,21),
	(1494,75,'600','600',0,0,22),
	(1495,75,'Sonett','SONETT',0,0,23),
	(1496,75,'93, Monte Carlo 56-60','93, MONTE CARLO',1956,1960,24),
	(1497,75,'9-7X','9-7X',0,0,25),
	(1498,75,'9-4X','9-4X',0,0,26),
	(1499,76,'Ibiza','IBIZA IV',2008,2016,1),
	(1500,76,'Ibiza','IBIZA III',2006,2008,2),
	(1501,76,'Ibiza','IBIZA III',2002,2006,3),
	(1502,76,'Ibiza','IBIZA II',1999,2001,4),
	(1503,76,'Ibiza','IBIZA II',1993,1999,5),
	(1504,76,'Ibiza','IBIZA I',1989,1992,6),
	(1505,76,'Ibiza','IBIZA I',1985,1988,7),
	(1506,76,'Cordoba','CORDOBA',2003,2016,8),
	(1507,76,'Cordoba','CORDOBA',1999,2002,9),
	(1508,76,'Cordoba','CORDOBA',1994,1999,10),
	(1509,76,'Toledo','TOLEDO',2012,2016,11),
	(1510,76,'Toledo','TOLEDO',2005,2012,12),
	(1511,76,'Toledo','TOLEDO 1M',1999,2004,13),
	(1512,76,'Toledo','TOLEDO 1L',1991,1999,14),
	(1513,76,'Leon','LEON',2012,2016,15),
	(1514,76,'Leon','LEON',2006,2012,16),
	(1515,76,'Leon','LEON',1999,2005,17),
	(1516,76,'Alhambra','ALHAMBRA',2011,2016,18),
	(1517,76,'Alhambra','ALHAMBRA',2001,2010,19),
	(1518,76,'Alhambra','ALHAMBRA',1996,2000,20),
	(1519,76,'Inca','INCA',0,0,21),
	(1520,76,'Arosa','AROSA',0,0,22),
	(1521,76,'Altea','ALTEA',0,0,23),
	(1522,76,'Exeo','EXEO',0,0,24),
	(1523,76,'Marbella','MARBELLA',0,0,25),
	(1524,76,'Málaga, Gredos','MALAGA, GREGOS',0,0,26),
	(1525,76,'600, 800','600, 800',0,0,27),
	(1526,76,'Mii','MII',0,0,28),
	(1527,77,'Horizon','HORIZON',0,0,1),
	(1528,77,'1307, 1508','1307/1508',0,0,2),
	(1529,77,'1510','1510',0,0,3),
	(1530,77,'1100','1100',0,0,4),
	(1531,77,'Chrysler','CHRYSLER',0,0,5),
	(1532,77,'1100 PickUp Fixaren','1100 PICKUP FIXAREN',0,0,6),
	(1533,77,'Matra Bagheera','MATRA BAGHEERA',0,0,7),
	(1534,77,'1300-1500 1301-1501','1301/1501',1966,1975,8),
	(1535,78,'Octavia','OCTAVIA',2013,2016,1),
	(1536,78,'Octavia','OCTAVIA',2005,2013,2),
	(1537,78,'Octavia','OCTAVIA',1996,2004,3),
	(1538,78,'Fabia','FABIA',2007,2016,4),
	(1539,78,'Fabia','FABIA',1999,2007,5),
	(1540,78,'Felicia, PickUp','FELICIA',0,0,6),
	(1541,78,'Felicia, PickUp','FELICIA PICKUP',0,0,7),
	(1542,78,'Superb','SUPERB',2009,2016,8),
	(1543,78,'Superb','SUPERB',2001,2008,9),
	(1544,78,'Roomster','ROOMSTER',0,0,10),
	(1545,78,'Yeti','YETI',0,0,11),
	(1546,78,'Praktik','PRAKTIK',0,0,12),
	(1547,78,'Favorit','FAVORIT',0,0,13),
	(1548,78,'Rapid','RAPID',0,0,14),
	(1549,78,'100, 110','100/110',0,0,15),
	(1550,78,'Citigo','CITIGO',0,0,16),
	(1551,79,'ForTwo','FORTWO II',2007,2016,1),
	(1552,79,'ForTwo','FORTWO I',1999,2007,2),
	(1553,79,'ForFour','FORFOUR',2004,2006,3),
	(1554,79,'Roadster','ROADSTER',0,0,4),
	(1555,79,'Crossblade','CROSSBLADE',0,0,5),
	(1556,80,'Actyon','ACTYON',0,0,1),
	(1557,80,'Musso','MUSSO',0,0,2),
	(1558,80,'Rodius/Stavic','RODIUS',0,0,3),
	(1559,80,'Kyron','KYRON',0,0,4),
	(1560,80,'Rexton','REXTON',0,0,5),
	(1561,80,'Korando','KORANDO',0,0,6),
	(1562,82,'Legacy','LEGACY',2010,2016,1),
	(1563,82,'Legacy','LEGACY',2007,2009,2),
	(1564,82,'Legacy','LEGACY',2004,2006,3),
	(1565,82,'Legacy','LEGACY',1999,2003,4),
	(1566,82,'Legacy','LEGACY',1990,1998,5),
	(1567,82,'Impreza','IMPREZA IV',2013,2016,6),
	(1568,82,'Impreza','IMPREZA III',2008,2011,7),
	(1569,82,'Impreza','IMPREZA II',2006,2007,8),
	(1570,82,'Impreza','IMPREZA II',2003,2005,9),
	(1571,82,'Impreza','IMPREZA II',2001,2002,10),
	(1572,82,'Impreza','IMPREZA I',1993,2000,11),
	(1573,82,'Forester','FORESTER SJ',2013,2016,12),
	(1574,82,'Forester','FORESTER SH',2008,2013,13),
	(1575,82,'Forester','FORESTER SG',2006,2008,14),
	(1576,82,'Forester','FORESTER SG',2003,2005,15),
	(1577,82,'Forester','FORESTER SF',2000,2003,16),
	(1578,82,'Forester','FORESTER SF',1998,2000,17),
	(1579,82,'Outback','OUTBACK',2010,2016,18),
	(1580,82,'Outback','OUTBACK',2007,2009,19),
	(1581,82,'Outback','OUTBACK',2004,2006,20),
	(1582,82,'Outback','OUTBACK',1999,2003,21),
	(1583,82,'Outback','OUTBACK',1997,1998,22),
	(1584,82,'Leone, 1800','LEONE 1800',1985,1989,23),
	(1585,82,'Leone, 1800','1800',1982,1985,24),
	(1586,82,'PickUp, Last','PICKUP/LAST',0,0,25),
	(1587,82,'Trendy','TRENDY',0,0,26),
	(1588,82,'Coupé','COUPÉ',0,0,27),
	(1589,82,'SVX','SVX',0,0,28),
	(1590,82,'Justy','JUSTY',0,0,29),
	(1591,82,'Columbuss','COLUMBUSS',0,0,30),
	(1592,82,'XT','XT',0,0,31),
	(1593,82,'XV','XV',0,0,32),
	(1594,82,'Tribeca','B9 TRIBECA',2006,2007,33),
	(1595,82,'BRZ','BRZ',0,0,34),
	(1596,83,'Swift','SWIFT',2011,2016,1),
	(1597,83,'Swift','SWIFT',2004,2010,2),
	(1598,83,'Swift','SWIFT',1985,2003,3),
	(1599,83,'Grand Vitara','GRAND VITARA II',2006,2016,4),
	(1600,83,'Grand Vitara','GRAND VITARA I',1998,2005,5),
	(1601,83,'Baleno','BALENO',0,0,6),
	(1602,83,'Vitara, Sidekick','VITARA, SIDEKICK',0,0,7),
	(1603,83,'Alto','ALTO',0,0,8),
	(1604,83,'Liana','LIANA',0,0,9),
	(1605,83,'Jimny','JIMNY',0,0,10),
	(1606,83,'Wagon','WAGON R+',0,0,11),
	(1607,83,'Ignis','IGNIS',0,0,12),
	(1608,83,'SX4','SX4',2010,2016,13),
	(1609,83,'SX4','SX4',2006,2009,14),
	(1610,83,'SJ 410, SJ 413','SJ 410',0,0,15),
	(1611,83,'SJ 410, SJ 413','SJ 413',0,0,16),
	(1612,83,'Samurai','SAMURAI',0,0,17),
	(1613,83,'Splash','SPLASH',0,0,18),
	(1614,83,'PickUp','PICKUP',0,0,19),
	(1615,83,'X-90','X-90',0,0,20),
	(1616,83,'Kizashi','KIZASHI',0,0,21),
	(1617,83,'MR Wagon','MR WAGON',0,0,22),
	(1618,84,'Samba','SAMBA',0,0,1),
	(1619,84,'1301/1501','1301/1501',0,0,2),
	(1620,85,'Corolla','COROLLA',2008,2016,1),
	(1621,85,'Corolla','COROLLA',2002,2007,2),
	(1622,85,'Corolla','COROLLA',1998,2001,3),
	(1623,85,'Corolla','COROLLA',1993,1997,4),
	(1624,85,'Corolla','COROLLA',1988,1992,5),
	(1625,85,'Corolla','COROLLA AE82',1983,1987,6),
	(1626,85,'Corolla','COROLLA KE70',1982,1987,7),
	(1627,85,'Corolla','COROLLA KE70',1980,1981,8),
	(1628,85,'Corolla','COROLLA KE10',0,0,9),
	(1629,85,'Corolla','COROLLA KE20/25',0,0,10),
	(1630,85,'Corolla','COROLLA KE30/35/36',0,0,11),
	(1631,85,'Corolla','COROLLA KE50',0,0,12),
	(1632,85,'Avensis','AVENSIS',2009,2016,13),
	(1633,85,'Avensis','AVENSIS',2007,2008,14),
	(1634,85,'Avensis','AVENSIS',2003,2006,15),
	(1635,85,'Avensis','AVENSIS',1998,2002,16),
	(1636,85,'Yaris','YARIS',2012,2016,17),
	(1637,85,'Yaris','YARIS',2006,2011,18),
	(1638,85,'Yaris','YARIS',2003,2005,19),
	(1639,85,'Yaris','YARIS',1999,2003,20),
	(1640,85,'RAV 4','RAV4',2013,2016,21),
	(1641,85,'RAV 4','RAV4',2006,2012,22),
	(1642,85,'RAV 4','RAV4',2000,2006,23),
	(1643,85,'RAV 4','RAV4',1995,2000,24),
	(1644,85,'Camry','CAMRY',2007,2016,25),
	(1645,85,'Camry','CAMRY',2001,2006,26),
	(1646,85,'Camry','CAMRY',1997,2000,27),
	(1647,85,'Camry','CAMRY SV/VV',1992,1996,28),
	(1648,85,'Camry','CAMRY SV 21',1987,1991,29),
	(1649,85,'Camry','CAMRY SV 11',1983,1987,30),
	(1650,85,'Carina','CARINA',1998,2001,31),
	(1651,85,'Carina','CARINA',1992,1997,32),
	(1652,85,'Carina','CARINA',1988,1992,33),
	(1653,85,'Carina','CARINA',1982,1987,34),
	(1654,85,'Carina','CARINA',1978,1981,35),
	(1655,85,'Carina','CARINA',1970,1977,36),
	(1656,85,'Celica','CELICA',2000,2005,37),
	(1657,85,'Celica','CELICA',1990,1999,38),
	(1658,85,'Celica','CELICA',1986,1989,39),
	(1659,85,'Celica','CELICA',1982,1985,40),
	(1660,85,'Celica','CELICA',1978,1981,41),
	(1661,85,'Celica','CELICA',1971,1977,42),
	(1662,85,'Hilux','HILUX',2005,2016,43),
	(1663,85,'Hilux','HILUX',1997,2004,44),
	(1664,85,'Hilux','HILUX',1989,1996,45),
	(1665,85,'Hilux','HILUX',1973,1988,46),
	(1666,85,'Hiace','HI-ACE',2006,2016,47),
	(1667,85,'Hiace','HI-ACE',1995,2005,48),
	(1668,85,'Hiace','HI-ACE',1989,1995,49),
	(1669,85,'Hiace','HI-ACE',1983,1988,50),
	(1670,85,'Hiace','HI-ACE',1978,1982,51),
	(1671,85,'Previa','PREVIA',2000,2006,52),
	(1672,85,'Previa','PREVIA',1990,2000,53),
	(1673,85,'Prius','PRIUS+  ZVW40',2012,2016,54),
	(1674,85,'Prius','PRIUS ZVW30',2009,2016,55),
	(1675,85,'Prius','PRIUS NHW20',2004,2008,56),
	(1676,85,'Prius','PRIUS NHW11',2001,2003,57),
	(1677,85,'Land Cruiser','LAND CRUISER J150',2010,2016,58),
	(1678,85,'Land Cruiser','LAND CRUISER J120',2002,2009,59),
	(1679,85,'Land Cruiser','LAND CRUISER HDJ100',1998,2007,60),
	(1680,85,'Land Cruiser','LAND CRUISER HZJ 95',1993,2002,61),
	(1681,85,'Land Cruiser','LAND CRUISER HDJ 80',1990,1998,62),
	(1682,85,'Land Cruiser','LAND CRUISER L/RJ70',1985,1989,63),
	(1683,85,'Land Cruiser','LAND CRUISER BJ',1980,1990,64),
	(1684,85,'Land Cruiser','LAND CRUISER HJ60',1980,1990,65),
	(1685,85,'Land Cruiser','LAND CRUISER',0,0,66),
	(1686,85,'Supra','SUPRA',0,0,67),
	(1687,85,'Corolla Verso','COROLLA VERSO',2008,2009,68),
	(1688,85,'Corolla Verso','COROLLA VERSO',2004,2007,69),
	(1689,85,'Corolla Verso','COROLLA VERSO',2002,2004,70),
	(1690,85,'Starlet','STARLET',1997,1999,71),
	(1691,85,'Starlet','STARLET',1990,1996,72),
	(1692,85,'Starlet','STARLET',1985,1989,73),
	(1693,85,'Starlet','STARLET',1983,1984,74),
	(1694,85,'Starlet','STARLET',1978,1982,75),
	(1695,85,'Yaris Verso','YARIS VERSO',2000,2005,76),
	(1696,85,'Avensis Verso','AVENSIS VERSO',0,0,77),
	(1697,85,'Auris','AURIS',2013,2016,78),
	(1698,85,'Auris','AURIS',2010,2012,79),
	(1699,85,'Auris','AURIS',2007,2009,80),
	(1700,85,'Aygo','AYGO',0,0,81),
	(1701,85,'MR2','MR2',2000,2005,82),
	(1702,85,'MR2','MR2',1986,1999,83),
	(1703,85,'Picnic','PICNIC',0,0,84),
	(1704,85,'Tercel','TERCEL',1983,1988,85),
	(1705,85,'Tercel','TERCEL',1979,1982,86),
	(1706,85,'Model F','MODEL F',0,0,87),
	(1707,85,'4Runner','4RUNNER',0,0,88),
	(1708,85,'Cressida','CRESSIDA',1981,1983,89),
	(1709,85,'Cressida','CRESSIDA',1978,1980,90),
	(1710,85,'Verso','VERSO',2009,2016,91),
	(1711,85,'Urban Cruiser','URBAN CRUISER',0,0,92),
	(1712,85,'Corona','CORONA RT104-118',0,0,93),
	(1713,85,'Corona','CORONA 2000 MK II',0,0,94),
	(1714,85,'iQ','IQ',0,0,95),
	(1715,85,'Dyna','DYNA 300',0,0,96),
	(1716,85,'Dyna','DYNA 150',0,0,97),
	(1717,85,'Dyna','DYNA 100',0,0,98),
	(1718,85,'Verso-S','VERSO-S',2011,2016,99),
	(1719,85,'Crown','CROWN',0,0,100),
	(1720,85,'Paseo','PASEO',0,0,101),
	(1721,85,'Lexus 89-91','LEXUS',1990,1991,102),
	(1722,85,'Lite Ace','LITE ACE',0,0,103),
	(1723,85,'GT86','GT86',0,0,104),
	(1724,85,'Highlander','HIGHLANDER',0,0,105),
	(1725,85,'Tundra','TUNDRA',0,0,106),
	(1726,85,'Avalon','AVALON',0,0,107),
	(1727,85,'Sienna','SIENNA',0,0,108),
	(1728,85,'Matrix','MATRIX',0,0,109),
	(1729,86,'Spitfire','SPITFIRE',0,0,1),
	(1730,86,'Herald','HERALD',0,0,2),
	(1731,86,'2000/2500','2000/2500',0,0,3),
	(1732,87,'Victor','VICTOR',0,0,1),
	(1733,87,'Viva','VIVA',0,0,2),
	(1734,87,'Cavalier','CAVALIER',0,0,3),
	(1735,87,'Chevette','CHEVETTE',0,0,4),
	(1736,87,'Royale','ROYALE',0,0,5),
	(1737,89,'S70, V70, V70 XC','V70',2014,2016,1),
	(1738,89,'S70, V70, V70 XC','V70',2008,2013,2),
	(1739,89,'S70, V70, V70 XC','V70',2005,2008,3),
	(1740,89,'S70, V70, V70 XC','V70',2000,2004,4),
	(1741,89,'S70, V70, V70 XC','S70/V70/XC',1997,2000,5),
	(1742,89,'S40, V40','V40',2012,2016,6),
	(1743,89,'S40, V40','S40',2008,2012,7),
	(1744,89,'S40, V40','S40',2004,2007,8),
	(1745,89,'S40, V40','S40/V40',1996,2004,9),
	(1746,89,'850','850',1991,1997,10),
	(1747,89,'940','940',1991,1998,11),
	(1748,89,'740','740',1988,1992,12),
	(1749,89,'740','740',1984,1987,13),
	(1750,89,'S80','S80',2014,2016,14),
	(1751,89,'S80','S80',2007,2013,15),
	(1752,89,'S80','S80',2004,2006,16),
	(1753,89,'S80','S80',1999,2003,17),
	(1754,89,'S60','S60',2014,2016,18),
	(1755,89,'S60','S60',2011,2013,19),
	(1756,89,'S60','S60',2005,2010,20),
	(1757,89,'S60','S60',2001,2004,21),
	(1758,89,'240','240',1988,1993,22),
	(1759,89,'240','240',1981,1987,23),
	(1760,89,'240','240',1979,1980,24),
	(1761,89,'240','240',1975,1978,25),
	(1762,89,'V50','V50',2008,2012,26),
	(1763,89,'V50','V50',2004,2007,27),
	(1764,89,'XC70','XC70',2014,2016,28),
	(1765,89,'XC70','XC70',2008,2013,29),
	(1766,89,'XC70','XC70',2005,2007,30),
	(1767,89,'XC70','XC70',2001,2004,31),
	(1768,89,'XC90','XC90',2007,2014,32),
	(1769,89,'XC90','XC90',2003,2006,33),
	(1770,89,'960','960',1991,1997,34),
	(1771,89,'C70','C70',2010,2013,35),
	(1772,89,'C70','C70',2006,2010,36),
	(1773,89,'C70','C70',1998,2005,37),
	(1774,89,'760','760',1988,1990,38),
	(1775,89,'760','760',1982,1987,39),
	(1776,89,'460','460',1990,1996,40),
	(1777,89,'440','440',1989,1996,41),
	(1778,89,'140','140',1967,1975,42),
	(1779,89,'Amazon 120, 121, 122, 123','AMAZON 120-123',1956,1970,43),
	(1780,89,'C30','C30',2010,2013,44),
	(1781,89,'C30','C30',2007,2010,45),
	(1782,89,'PV, Duett, 444, 544, 445, 210','PV/DUETT',1947,1968,46),
	(1783,89,'340, 360','340/360',1982,1989,47),
	(1784,89,'XC60','XC60',2014,2016,48),
	(1785,89,'XC60','XC60',2009,2013,49),
	(1786,89,'S90, V90','S90/V90',1997,1998,50),
	(1787,89,'480','480',1987,1995,51),
	(1788,89,'V60','V60',2014,2016,52),
	(1789,89,'V60','V60',2011,2013,53),
	(1790,89,'343, 345','343/345',1980,1981,54),
	(1791,89,'343, 345','343/345',1976,1979,55),
	(1792,89,'260','260',1981,1987,56),
	(1793,89,'260','260',1979,1980,57),
	(1794,89,'260','260',1975,1978,58),
	(1795,89,'160','160',1969,1975,59),
	(1796,89,'780','780',1987,1990,60),
	(1797,89,'66','66',0,0,61),
	(1798,89,'Valp','VALP',0,0,62),
	(1799,89,'P1800','P1800',0,0,63),
	(1800,89,'XC40','XC40',2013,2016,64),
	(1801,90,'Passat, Passat CC','PASSAT',2011,2014,1),
	(1802,90,'Passat, Passat CC','PASSAT CC',2008,2016,2),
	(1803,90,'Passat, Passat CC','PASSAT',2005,2010,3),
	(1804,90,'Passat, Passat CC','PASSAT',2001,2005,4),
	(1805,90,'Passat, Passat CC','PASSAT',1997,2000,5),
	(1806,90,'Passat, Passat CC','PASSAT',1994,1996,6),
	(1807,90,'Passat, Passat CC','PASSAT',1988,1993,7),
	(1808,90,'Passat, Passat CC','PASSAT',1985,1988,8),
	(1809,90,'Passat, Passat CC','PASSAT',1981,1985,9),
	(1810,90,'Passat, Passat CC','PASSAT',1978,1980,10),
	(1811,90,'Passat, Passat CC','PASSAT',1973,1977,11),
	(1812,90,'Golf','GOLF VII',2013,2016,12),
	(1813,90,'Golf','GOLF VI',2009,2013,13),
	(1814,90,'Golf','GOLF V',2004,2009,14),
	(1815,90,'Golf','GOLF IV',1998,2003,15),
	(1816,90,'Golf','GOLF III',1992,1997,16),
	(1817,90,'Golf','GOLF II',1984,1991,17),
	(1818,90,'Golf','GOLF I',1975,1984,18),
	(1819,90,'Polo','POLO V',0,0,19),
	(1820,90,'Polo','POLO IV',0,0,20),
	(1821,90,'Polo','POLO IV',0,0,21),
	(1822,90,'Polo','POLO III',0,0,22),
	(1823,90,'Polo','POLO II',0,0,23),
	(1824,90,'Polo','POLO I',0,0,24),
	(1825,90,'Transporter/Caravelle','TRANSP/CARAVELLE',2004,2016,25),
	(1826,90,'Transporter/Caravelle','TRANSP/CARAVELLE',1991,2003,26),
	(1827,90,'Transporter/Caravelle','TRANSP/CARAVELLE',1980,1990,27),
	(1828,90,'Transporter/Caravelle','TRANSP/CARAVELLE',1965,1979,28),
	(1829,90,'Caddy','CADDY',2011,2016,29),
	(1830,90,'Caddy','CADDY',2004,2010,30),
	(1831,90,'Caddy','CADDY PICKUP',1996,2003,31),
	(1832,90,'Caddy','CADDY SKÅP',1996,2003,32),
	(1833,90,'Sharan','SHARAN',2011,2016,33),
	(1834,90,'Sharan','SHARAN',2001,2010,34),
	(1835,90,'Sharan','SHARAN',1996,2000,35),
	(1836,90,'Jetta','JETTA VI',2011,2016,36),
	(1837,90,'Jetta','JETTA V',2006,2010,37),
	(1838,90,'Jetta','JETTA II',1984,1992,38),
	(1839,90,'Jetta','JETTA I',1980,1984,39),
	(1840,90,'Touran','TOURAN',0,0,40),
	(1841,90,'LT','LT II',1997,2006,41),
	(1842,90,'LT','LT I',1975,1996,42),
	(1843,90,'Vento','VENTO',1992,1998,43),
	(1844,90,'Lupo','LUPO',0,0,44),
	(1845,90,'Bora','BORA',0,0,45),
	(1846,90,'Touareg','TOUAREG',0,0,46),
	(1847,90,'New Beetle, Beetle','BEETLE',2012,2016,47),
	(1848,90,'New Beetle, Beetle','NEW BEETLE',1998,2010,48),
	(1849,90,'Tiguan','TIGUAN',0,0,49),
	(1850,90,'Golf Plus / Cross Golf','GOLF PLUS/CROSS GOLF',2004,2014,50),
	(1851,90,'Crafter','CRAFTER',0,0,51),
	(1852,90,'Corrado','CORRADO',0,0,52),
	(1853,90,'1200,1300,1500 Type1 Beetle','1200/13/15/TYPE 1',0,0,53),
	(1854,90,'Golf Caddy 83-92','GOLF CADDY',1983,1992,54),
	(1855,90,'Taro','TARO',1990,1996,55),
	(1856,90,'1303 Beetle','1303',0,0,56),
	(1857,90,'Multivan','MULTIVAN',0,0,57),
	(1858,90,'Scirocco','SCIROCCO',2009,2016,58),
	(1859,90,'Scirocco','SCIROCCO',1982,1988,59),
	(1860,90,'Scirocco','SCIROCCO',1974,1981,60),
	(1861,90,'Phaeton','PHAETON',0,0,61),
	(1862,90,'1302 Beetle','1302',0,0,62),
	(1863,90,'FOX','FOX',0,0,63),
	(1864,90,'Amarok','AMAROK',0,0,64),
	(1865,90,'Eos','EOS',2011,2016,65),
	(1866,90,'Eos','EOS',2006,2010,66),
	(1867,90,'Santana','SANTANA',1981,1985,67),
	(1868,90,'Derby','DERBY',0,0,68),
	(1869,90,'Shuttle','SHUTTLE',0,0,69),
	(1870,90,'K70','K70',0,0,70),
	(1871,90,'Golf Carrier','GOLF CARRIER',0,0,71),
	(1872,90,'UP!','UP!',0,0,72),
	(1873,90,'Cabrio 49-80','CABRIO',1949,1980,73),
	(1874,90,'1500, 1600 Type 3','1500/1600 TYPE 3',0,0,74),
	(1875,90,'Karmann Ghia','KARMANN GHIA',0,0,75),
	(1876,90,'36-46','',0,0,76),
	(1877,90,'Golf Sportsvan','GOLF SPORTSVAN',2015,2016,77);

/*!40000 ALTER TABLE `cars_model` ENABLE KEYS */;
UNLOCK TABLES;


# Dump of table cars_model_init
# ------------------------------------------------------------

DROP TABLE IF EXISTS `cars_model_init`;

CREATE TABLE `cars_model_init` (
  `id` int(11) unsigned NOT NULL AUTO_INCREMENT,
  `car_id` int(3) NOT NULL,
  `model_categ` varchar(50) NOT NULL DEFAULT '',
  `model` varchar(50) NOT NULL,
  `year_start` int(4) NOT NULL,
  `year_end` int(4) NOT NULL,
  `popularity` int(11) NOT NULL,
  PRIMARY KEY (`id`)
) ENGINE=InnoDB DEFAULT CHARSET=utf8;

LOCK TABLES `cars_model_init` WRITE;
/*!40000 ALTER TABLE `cars_model_init` DISABLE KEYS */;

INSERT INTO `cars_model_init` (`id`, `car_id`, `model_categ`, `model`, `year_start`, `year_end`, `popularity`)
VALUES
	(1,1,'E-Class, AMG (W210, W211, W212, C207) 95->>','MB E-KLASS (W212)',2009,2016,1),
	(2,1,'E-Class, AMG (W210, W211, W212, C207) 95->>','MB E-KLASS COUPÉ/CAB (C207)',2009,2016,2),
	(3,1,'E-Class, AMG (W210, W211, W212, C207) 95->>','MB E-KLASS (W211)',2002,2009,3),
	(4,1,'E-Class, AMG (W210, W211, W212, C207) 95->>','MB E-KLASS (W210)',1996,2003,4),
	(5,1,'E-Class, AMG (W210, W211, W212, C207) 95->>','MB E-CLASS AMG (W211)',0,0,5),
	(6,1,'E-Class, AMG (W210, W211, W212, C207) 95->>','MB E-CLASS AMG (W212)',0,0,6),
	(7,1,'E-Class, AMG (W210, W211, W212, C207) 95->>','MB E-CLASS AMG (W210)',0,0,7),
	(8,1,'C-Class, AMG (W202, W203, W204, W205)','MB C-KLASS (W205)',2014,2016,8),
	(9,1,'C-Class, AMG (W202, W203, W204, W205)','MB C-KLASS (W204)',2007,2016,9),
	(10,1,'C-Class, AMG (W202, W203, W204, W205)','MB C-KLASS (W203)',2000,2007,10),
	(11,1,'C-Class, AMG (W202, W203, W204, W205)','MB C-KLASS (W202)',1994,2000,11),
	(12,1,'C-Class, AMG (W202, W203, W204, W205)','MB C-CLASS AMG (W202)',0,0,12),
	(13,1,'C-Class, AMG (W202, W203, W204, W205)','MB C-CLASS AMG (W203)',0,0,13),
	(14,1,'C-Class, AMG (W202, W203, W204, W205)','MB C-CLASS AMG (W204)',0,0,14),
	(15,1,'E-Class (W124) 86-95','MB E-KLASS (W124)',1986,1996,15),
	(16,1,'Sprinter','MB SPRINTER (W906)',2006,2016,16),
	(17,1,'Sprinter','MB SPRINTER (W901-905)',1995,2007,17),
	(18,1,'V-class Vito/Viano (W638, W639)','MB VITO/VIANO (W639)',2004,2014,18),
	(19,1,'V-class Vito/Viano (W638, W639)','MB VITO/VIANO (W638)',1996,2003,19),
	(20,1,'190 (W201) 82-93','MB 190 (W201)',1982,1993,20),
	(21,1,'A-Class (W168, W169)','MB A-KLASS (W176)',2013,2016,21),
	(22,1,'A-Class (W168, W169)','MB A-KLASS (W169)',2004,2012,22),
	(23,1,'A-Class (W168, W169)','MB A-KLASS (W168)',1998,2004,23),
	(24,1,'ML-Class, AMG (W163, W164)','MB ML-KLASS (W166)',2012,2016,24),
	(25,1,'ML-Class, AMG (W163, W164)','MB ML-KLASS (W164)',2005,2011,25),
	(26,1,'ML-Class, AMG (W163, W164)','MB ML-KLASS (W163)',1997,2005,26),
	(27,1,'CLK-Class, AMG (W208, W209)','MB CLK-KLASS (C209)',2002,2009,27),
	(28,1,'CLK-Class, AMG (W208, W209)','MB CLK-KLASS (W208)',1998,2002,28),
	(29,1,'CLK-Class, AMG (W208, W209)','MB CLK-CLASS AMG (W209)',0,0,29),
	(30,1,'CLK-Class, AMG (W208, W209)','MB CLK-CLASS AMG (W208)',0,0,30),
	(31,1,'S-Class, AMG (W220, W221, W222) 99->>','MB S-KLASS (W221)',2005,2013,31),
	(32,1,'S-Class, AMG (W220, W221, W222) 99->>','MB S-KLASS (W220)',1999,2005,32),
	(33,1,'S-Class, AMG (W220, W221, W222) 99->>','MB S-CLASS AMG (W221)',0,0,33),
	(34,1,'200-300 (W123) 76-86','MB 200-300   (W123)',1976,1986,34),
	(35,1,'S/CL300-600 (W140) 91-98','MB S/CL-KLASS (W140)',1991,1998,35),
	(36,1,'SLK-Class, AMG (R170, R171)','MB SLK-KLASS (R172)',2011,2016,36),
	(37,1,'SLK-Class, AMG (R170, R171)','MB SLK-KLASS (W171)',2005,2011,37),
	(38,1,'SLK-Class, AMG (R170, R171)','MB SLK-KLASS (W170)',1996,2004,38),
	(39,1,'SLK-Class, AMG (R170, R171)','MB SLK-CLASS AMG (R170)',0,0,39),
	(40,1,'280-560 (W126) 81-91','MB 280-560   (W126)',1981,1991,40),
	(41,1,'SL-Class, AMG (R129, R230) 89->>','MB SL-KLASS (W230)',2000,2012,41),
	(42,1,'SL-Class, AMG (R129, R230) 89->>','MB SL-KLASS (W129)',1989,2001,42),
	(43,1,'SL-Class, AMG (R129, R230) 89->>','MB SL-CLASS AMG (R230)',0,0,43),
	(44,1,'B-Class (W245)','MB B-KLASS (W246)',2012,2016,44),
	(45,1,'B-Class (W245)','MB B-KLASS (W245)',2005,2012,45),
	(46,1,'207-310','MB 207-310',0,0,46),
	(47,1,'CL-Class, AMG (W215, W216)','MB CL-KLASS (W216)',2007,2016,47),
	(48,1,'CL-Class, AMG (W215, W216)','MB CL-KLASS (W215)',2000,2006,48),
	(49,1,'200-280 Compakt (W115) 68-76','MB COMPAKT   (W115)',1968,1976,49),
	(50,1,'CLS-Class, AMG (W219)','MB CLS-KLASS (C218)',2011,2016,50),
	(51,1,'CLS-Class, AMG (W219)','MB CLS-KLASS (C219)',2003,2011,51),
	(52,1,'280-450 (W116) 73-80','MB 280-450   (W116)',1973,1980,52),
	(53,1,'380-560SEC (W126) 81-91','MB 380-560SEC (C126)',1981,1991,53),
	(54,1,'Vaneo (W414)','MB VANEO (W414)',0,0,54),
	(55,1,'SL/SLC-Class (RC107) 71-89','MB SL/SLC (R107/C107)',1971,1989,55),
	(56,1,'G Wagon (W460/461, W463)','MB G-KLASS (W461/463)',1989,2016,56),
	(57,1,'G Wagon (W460/461, W463)','MB G WAGEN (W460)',1978,1992,57),
	(58,1,'R-Class, AMG (W251)','MB R-KLASS (W251)',2006,2016,58),
	(59,1,'R-Class, AMG (W251)','MB R-CLASS AMG (W251)',0,0,59),
	(60,1,'190-230 (W110, W111) 61-68','MB 190-230 (W110/111)',1961,1968,60),
	(61,1,'GLK-Class (X204)','MB GLK-KLASS (X204)',2008,2016,61),
	(62,1,'508','MB 508',0,0,62),
	(63,1,'406-608','MB 406-608',0,0,63),
	(64,1,'250-280 C/CE (W114) 68-75','MB 250-280 C/CE (W114)',1968,1975,64),
	(65,1,'180-220 Ponton 53-60','MB 180-220  (BULLE)',1957,1967,65),
	(66,1,'250-280 (W108) 66-72','MB 250-280   (W108)',1966,1972,66),
	(67,1,'306','MB 306',0,0,67),
	(68,1,'GL-Class (X164, X166)','MB GL-KLASS (X164)',2006,2012,68),
	(69,1,'100 D','MB 100 D',0,0,69),
	(70,1,'230-280SL (R113) 63-71','MB 230-280SL (R113)',1963,1971,70),
	(71,1,'609','MB 609',0,0,71),
	(72,1,'300 SL (W198) 54-63','MB 300 SL    (W198)',1954,1963,72),
	(73,1,'309','MB 309',0,0,73),
	(74,1,'SLR McLaren (C199)','MB SLR MCLAREN (C199)',0,0,74),
	(75,1,'206-307B+D 71-76','MB 206-307B+D',1971,1976,75),
	(76,1,'Citan','MB CITAN (W415)',2013,2016,76),
	(77,1,'CLC-Class (CL203)','MB CLC-KLASS (CL203)',2008,2011,77),
	(78,1,'CLA-Class','MB CLA-KLASS (C117)',2013,2016,78);

/*!40000 ALTER TABLE `cars_model_init` ENABLE KEYS */;
UNLOCK TABLES;


# Dump of table parts_main_categ
# ------------------------------------------------------------

DROP TABLE IF EXISTS `parts_main_categ`;

CREATE TABLE `parts_main_categ` (
  `id` int(11) unsigned NOT NULL AUTO_INCREMENT,
  `category` varchar(200) NOT NULL DEFAULT '',
  PRIMARY KEY (`id`)
) ENGINE=InnoDB DEFAULT CHARSET=utf8;

LOCK TABLES `parts_main_categ` WRITE;
/*!40000 ALTER TABLE `parts_main_categ` DISABLE KEYS */;

INSERT INTO `parts_main_categ` (`id`, `category`)
VALUES
	(1,'Air conditioning / Heating'),
	(2,'Body'),
	(3,'Brakes'),
	(4,'Dismantling object'),
	(5,'Doors'),
	(6,'Electric / Transmitter / Databox / Sensor'),
	(7,'Engine'),
	(8,'Exhaust/cleaning'),
	(9,'Exterior details'),
	(10,'Front details'),
	(11,'Fuel'),
	(12,'Gear box / Drive axle / Middle axle'),
	(13,'Hydraulic/Traction'),
	(14,'Instruments / Electric switches'),
	(15,'Interior'),
	(16,'Lock / Alarm'),
	(17,'Other'),
	(18,'Rearview Mirror'),
	(19,'Repair sheet metal / Consumables'),
	(20,'Spoilers / Wipers'),
	(21,'Steering wheel / Axle / Lever / Pedal'),
	(22,'Vehicle exterior / Suspension'),
	(23,'Vehicle front / Springs / Steering'),
	(24,'Wheels / Tires / Accessories'),
	(25,'Windows');

/*!40000 ALTER TABLE `parts_main_categ` ENABLE KEYS */;
UNLOCK TABLES;


# Dump of table parts_sub_categ
# ------------------------------------------------------------

DROP TABLE IF EXISTS `parts_sub_categ`;

CREATE TABLE `parts_sub_categ` (
  `id` int(11) unsigned NOT NULL AUTO_INCREMENT,
  `categ_id` int(3) NOT NULL,
  `category` varchar(50) NOT NULL DEFAULT '',
  PRIMARY KEY (`id`)
) ENGINE=InnoDB DEFAULT CHARSET=utf8;

LOCK TABLES `parts_sub_categ` WRITE;
/*!40000 ALTER TABLE `parts_sub_categ` DISABLE KEYS */;

INSERT INTO `parts_sub_categ` (`id`, `categ_id`, `category`)
VALUES
	(1,7,'Ax Came'),
	(2,7,'Cylinder Head Fuel'),
	(3,7,'Cam axle housing'),
	(4,7,'Camshaft adjusting valve'),
	(5,7,'Cylinder Head Diesel'),
	(6,7,'Cylinder Head Fuel'),
	(7,7,'Engine Diesel'),
	(8,7,'Alternator bracket / Accessories'),
	(9,8,'Exhaust manifold'),
	(10,8,'Lambda probe'),
	(11,8,'EGR Valve');

/*!40000 ALTER TABLE `parts_sub_categ` ENABLE KEYS */;
UNLOCK TABLES;


# Dump of table user
# ------------------------------------------------------------

DROP TABLE IF EXISTS `user`;

CREATE TABLE `user` (
  `user_id` int(11) NOT NULL AUTO_INCREMENT,
  `username` varchar(255) DEFAULT NULL,
  `email` varchar(255) DEFAULT NULL,
  `display_name` varchar(50) DEFAULT NULL,
  `password` varchar(128) NOT NULL,
  `state` smallint(6) DEFAULT NULL,
  PRIMARY KEY (`user_id`),
  UNIQUE KEY `username` (`username`),
  UNIQUE KEY `email` (`email`)
) ENGINE=InnoDB DEFAULT CHARSET=utf8;

LOCK TABLES `user` WRITE;
/*!40000 ALTER TABLE `user` DISABLE KEYS */;

INSERT INTO `user` (`user_id`, `username`, `email`, `display_name`, `password`, `state`)
VALUES
	(1,NULL,'ileavalentin@gmail.com',NULL,'$2y$14$z6uzCD8UTTE.Rww.4k1fE.cc6s5c33jYehzvY9hLc.GtBdORr5qW.',NULL),
	(2,NULL,'ileavalentin2@gmail.com',NULL,'$2y$14$QvFNbVR/GlNz0Q5a7u0wkePSrjL0ibFOpXxrlQIGsVk/2E9y4w4AC',NULL);

/*!40000 ALTER TABLE `user` ENABLE KEYS */;
UNLOCK TABLES;


# Dump of table user_role
# ------------------------------------------------------------

DROP TABLE IF EXISTS `user_role`;

CREATE TABLE `user_role` (
  `id` int(11) NOT NULL AUTO_INCREMENT,
  `roleId` varchar(255) NOT NULL DEFAULT '',
  `is_default` tinyint(1) NOT NULL,
  `parent_id` varchar(255) DEFAULT NULL,
  PRIMARY KEY (`id`)
) ENGINE=InnoDB DEFAULT CHARSET=utf8;

LOCK TABLES `user_role` WRITE;
/*!40000 ALTER TABLE `user_role` DISABLE KEYS */;

INSERT INTO `user_role` (`id`, `roleId`, `is_default`, `parent_id`)
VALUES
	(1,'user',0,NULL),
	(2,'parcauto',0,NULL),
	(3,'admin',0,NULL),
	(10,'guest',1,NULL);

/*!40000 ALTER TABLE `user_role` ENABLE KEYS */;
UNLOCK TABLES;


# Dump of table user_role_linker
# ------------------------------------------------------------

DROP TABLE IF EXISTS `user_role_linker`;

CREATE TABLE `user_role_linker` (
  `user_id` int(11) unsigned NOT NULL,
  `role_id` varchar(11) NOT NULL DEFAULT '',
  PRIMARY KEY (`user_id`,`role_id`),
  KEY `role_id` (`role_id`)
) ENGINE=InnoDB DEFAULT CHARSET=utf8;

LOCK TABLES `user_role_linker` WRITE;
/*!40000 ALTER TABLE `user_role_linker` DISABLE KEYS */;

INSERT INTO `user_role_linker` (`user_id`, `role_id`)
VALUES
	(1,'parcauto'),
	(2,'parcauto');

/*!40000 ALTER TABLE `user_role_linker` ENABLE KEYS */;
UNLOCK TABLES;



/*!40111 SET SQL_NOTES=@OLD_SQL_NOTES */;
/*!40101 SET SQL_MODE=@OLD_SQL_MODE */;
/*!40014 SET FOREIGN_KEY_CHECKS=@OLD_FOREIGN_KEY_CHECKS */;
/*!40101 SET CHARACTER_SET_CLIENT=@OLD_CHARACTER_SET_CLIENT */;
/*!40101 SET CHARACTER_SET_RESULTS=@OLD_CHARACTER_SET_RESULTS */;
/*!40101 SET COLLATION_CONNECTION=@OLD_COLLATION_CONNECTION */;
